date,sku_id,warehouse_id,quantity_sold,unit_price
2025-08-25,SKU029,WH3,36.0,526.0
2025-02-12,SKU012,WH3,37.0,640.0
2024-07-04,SKU017,WH1,99999.0,802.0
2025-12-18,SKU024,WH3,41.0,621.0
2024-10-22,SKU005,WH4,63.0,214.0
2025-01-29,SKU031,WH3,56.0,610.0
2024-09-11,SKU035,WH2,29.0,314.0
2024-09-23,SKU031,WH1,99.0,557.0
2024-07-09,SKU046,WH4,46.0,691.0
2025-12-10,SKU027,WH1,83.0,255.0
2025-06-11,SKU016,WH4,17.0,752.0
2025-02-28,SKU044,WH1,34.0,580.0
2024-04-26,SKU015,WH4,35.0,167.0
2024-04-12,SKU010,WH3,36.0,741.0
2024-01-30,SKU027,WH3,77.0,980.0
2024-05-15,SKU019,WH2,65.0,679.0
2024-01-25,SKU013,WH4,17.0,110.0
2024-06-18,SKU007,WH1,20.0,217.0
2025-04-05,SKU045,WH2,83.0,367.0
2024-09-29,SKU044,WH3,84.0,813.0
2025-07-08,SKU033,WH3,1.0,468.0
2024-03-19,SKU035,WH3,38.0,940.0
2025-12-18,SKU008,WH2,43.0,424.0
2024-01-18,SKU022,WH1,56.0,361.0
2025-12-15,SKU009,WH2,4.0,905.0
2025-03-24,SKU011,WH4,79.0,251.0
2024-09-27,SKU047,WH3,65.0,416.0
2024-02-22,SKU047,WH1,1.0,119.0
2025-03-24,SKU004,WH3,96.0,391.0
2024-09-23,SKU049,WH2,62.0,606.0
2025-01-01,SKU026,WH2,65.0,
2025-12-20,SKU016,WH5,99999.0,584.0
2025-05-11,SKU014,WH2,30.0,212.0
2025-06-19,SKU019,WH1,81.0,791.0
2024-02-08,SKU010,WH4,68.0,480.0
2024-03-14,SKU041,WH1,27.0,275.0
2024-09-10,SKU030,WH3,44.0,250.0
2024-02-03,SKU008,WH3,23.0,934.0
2025-04-08,SKU032,WH2,7.0,230.0
2025-08-21,SKU019,WH1,60.0,375.0
2024-06-18,SKU016,WH2,18.0,771.0
2024-09-15,SKU028,WH1,81.0,984.0
2024-10-05,SKU029,WH1,66.0,210.0
2024-05-30,SKU050,WH3,1.0,403.0
2025-07-09,SKU010,WH1,,831.0
2025-08-27,SKU042,WH1,82.0,223.0
2025-05-23,SKU004,WH1,19.0,420.0
2025-01-20,SKU048,WH2,24.0,572.0
2024-10-10,SKU003,WH3,7.0,112.0
2024-08-07,SKU013,WH3,18.0,732.0
2025-11-06,SKU012,WH3,27.0,953.0
2024-12-08,SKU050,WH2,6.0,980.0
2025-06-14,SKU036,WH2,65.0,
2024-07-03,SKU005,WH2,48.0,276.0
2024-01-28,SKU005,WH2,,130.0
2024-07-03,SKU048,WH3,84.0,567.0
2024-01-21,SKU036,WH3,32.0,826.0
2024-07-21,SKU024,WH1,,932.0
2024-12-16,SKU037,WH4,79.0,745.0
2025-11-29,SKU024,WH1,52.0,840.0
2025-10-14,SKU022,WH1,58.0,397.0
2024-04-19,SKU047,WH1,35.0,188.0
2025-08-24,SKU016,WH2,92.0,833.0
2025-11-06,SKU022,WH1,88.0,705.0
2024-09-05,SKU041,WH1,3.0,668.0
2024-12-18,SKU043,WH2,49.0,702.0
2025-10-21,SKU027,WH2,32.0,431.0
2025-03-10,SKU021,WH1,40.0,856.0
2024-06-11,SKU011,WH3,77.0,699.0
2025-08-06,SKU037,WH1,98.0,762.0
2025-05-05,SKU047,WH5,34.0,416.0
2024-01-13,SKU046,WH4,11.0,863.0
2025-07-27,SKU038,WH2,40.0,713.0
2025-07-07,SKU041,WH1,68.0,173.0
2024-06-03,SKU003,WH1,67.0,305.0
2024-02-04,SKU031,WH2,99999.0,470.0
2025-07-31,SKU023,WH3,97.0,572.0
2024-07-22,SKU046,WH3,85.0,859.0
2025-05-24,SKU002,WH3,52.0,284.0
2024-09-08,SKU044,WH3,17.0,834.0
2024-04-19,SKU011,WH2,73.0,641.0
2024-11-17,SKU036,WH4,34.0,307.0
2025-10-29,SKU026,WH3,66.0,133.0
2024-11-15,SKU021,WH4,39.0,339.0
2024-05-02,SKU035,WH3,55.0,612.0
2024-06-02,SKU003,WH3,71.0,184.0
2024-06-09,SKU050,WH1,4.0,105.0
2025-12-28,SKU047,WH2,25.0,982.0
2024-02-11,SKU006,WH4,21.0,436.0
2024-12-11,SKU030,WH3,95.0,828.0
2024-12-07,SKU019,WH1,87.0,232.0
2025-07-09,SKU043,WH3,2.0,400.0
2024-11-19,SKU027,WH4,62.0,466.0
2025-12-06,SKU002,WH2,88.0,694.0
2025-12-31,SKU008,WH5,29.0,421.0
2024-10-17,SKU025,WH1,28.0,124.0
2025-06-07,SKU002,WH5,11.0,865.0
2025-08-22,SKU005,WH4,55.0,660.0
2024-08-30,SKU033,WH3,15.0,894.0
2025-05-30,SKU018,WH1,69.0,198.0
2024-04-27,SKU017,WH2,57.0,339.0
2024-03-27,SKU025,WH3,46.0,405.0
2025-01-16,SKU037,WH3,19.0,912.0
2025-01-03,SKU050,WH1,49.0,679.0
2024-07-17,SKU032,WH3,81.0,335.0
2025-03-15,SKU028,WH2,8.0,800.0
2024-02-28,SKU021,WH4,37.0,619.0
2024-12-12,SKU016,WH1,81.0,507.0
2024-11-25,SKU033,WH2,93.0,735.0
2025-06-25,SKU024,WH3,85.0,733.0
2025-02-25,SKU019,WH2,8.0,960.0
2024-08-23,SKU033,WH3,43.0,885.0
2024-08-07,SKU029,WH2,91.0,197.0
2024-10-22,SKU013,WH4,23.0,228.0
2024-05-16,SKU050,WH3,18.0,309.0
2024-01-21,SKU046,WH1,88.0,660.0
2024-02-08,SKU022,WH4,14.0,517.0
2024-04-03,SKU020,WH2,69.0,575.0
2025-01-25,SKU042,WH4,48.0,817.0
2024-10-31,SKU039,WH2,34.0,575.0
2024-12-08,SKU003,WH1,44.0,556.0
2024-05-02,SKU039,WH2,63.0,
2024-09-23,SKU024,WH5,30.0,124.0
2025-04-19,SKU014,WH3,91.0,971.0
2025-01-29,SKU038,WH2,38.0,390.0
2025-04-02,SKU025,WH1,69.0,478.0
2024-10-02,SKU040,WH1,,863.0
2024-03-08,SKU037,WH2,99999.0,761.0
2025-09-16,SKU035,WH3,29.0,744.0
2025-01-25,SKU027,WH5,6.0,186.0
2025-01-09,SKU038,WH2,99999.0,453.0
2025-01-01,SKU027,WH5,86.0,175.0
2025-07-18,SKU010,WH5,98.0,857.0
2024-08-24,SKU040,WH2,74.0,230.0
2025-12-03,SKU019,WH2,87.0,533.0
2025-05-17,SKU043,WH2,90.0,434.0
2024-03-12,SKU017,WH2,65.0,830.0
2025-02-19,SKU015,WH3,59.0,540.0
2024-01-30,SKU003,WH2,58.0,857.0
2024-05-14,SKU049,WH1,31.0,501.0
2025-03-20,SKU039,WH4,65.0,426.0
2024-02-12,SKU016,WH2,59.0,501.0
2024-02-17,SKU036,WH5,56.0,227.0
2025-11-30,SKU044,WH3,86.0,163.0
2025-01-24,SKU022,WH2,62.0,165.0
2025-12-16,SKU048,WH2,37.0,241.0
2024-10-07,SKU007,WH1,98.0,656.0
2024-02-25,SKU031,WH3,61.0,580.0
2025-10-07,SKU013,WH3,31.0,216.0
2024-12-26,SKU039,WH2,23.0,227.0
2024-05-28,SKU049,WH1,13.0,742.0
2025-06-07,SKU020,WH3,6.0,156.0
2025-05-01,SKU041,WH3,37.0,605.0
2025-03-18,SKU002,WH5,77.0,583.0
2025-04-02,SKU040,WH1,50.0,379.0
2025-07-09,SKU032,WH3,,
2025-07-10,SKU013,WH5,59.0,251.0
2025-04-02,SKU019,WH3,,514.0
2025-11-28,SKU010,WH3,18.0,726.0
2025-07-11,SKU036,WH3,7.0,926.0
2025-07-23,SKU047,WH3,53.0,178.0
2025-10-27,SKU027,WH3,79.0,301.0
2024-11-11,SKU033,WH3,20.0,355.0
2024-04-21,SKU050,WH5,94.0,780.0
2024-11-30,SKU050,WH1,16.0,647.0
2024-09-26,SKU023,WH3,7.0,639.0
2024-06-12,SKU050,WH2,73.0,916.0
2024-02-11,SKU039,WH3,99.0,669.0
2024-11-01,SKU030,WH3,89.0,587.0
2024-06-13,SKU030,WH2,74.0,570.0
2025-04-30,SKU007,WH3,38.0,746.0
2024-06-07,SKU008,WH1,71.0,993.0
2024-10-29,SKU048,WH1,23.0,945.0
2025-01-20,SKU046,WH1,45.0,172.0
2024-06-17,SKU029,WH4,55.0,381.0
2025-12-05,SKU037,WH2,20.0,563.0
2024-06-16,SKU015,WH1,58.0,782.0
2024-01-25,SKU032,WH4,21.0,829.0
2024-01-19,SKU004,WH2,78.0,976.0
2024-03-31,SKU015,WH3,20.0,934.0
2025-07-08,SKU013,WH4,8.0,372.0
2024-06-14,SKU050,WH3,30.0,132.0
2024-09-22,SKU010,WH1,25.0,721.0
2025-01-10,SKU024,WH1,72.0,311.0
2025-09-08,SKU023,WH3,82.0,272.0
2025-05-09,SKU033,WH2,54.0,415.0
2025-09-30,SKU035,WH1,6.0,604.0
2025-09-22,SKU005,WH2,36.0,634.0
2025-09-19,SKU018,WH1,51.0,502.0
2025-06-04,SKU039,WH3,96.0,885.0
2024-03-25,SKU014,WH2,96.0,776.0
2024-05-29,SKU027,WH2,94.0,730.0
2024-12-26,SKU050,WH2,89.0,683.0
2025-09-27,SKU010,WH3,33.0,991.0
2025-06-21,SKU002,WH1,12.0,208.0
2025-05-27,SKU027,WH2,81.0,746.0
2024-10-31,SKU016,WH3,52.0,800.0
2024-12-03,SKU044,WH5,12.0,431.0
2024-01-06,SKU043,WH2,69.0,376.0
2025-03-10,SKU047,WH3,89.0,483.0
2024-08-10,SKU037,WH1,9.0,247.0
2025-12-09,SKU001,WH1,28.0,
2025-05-31,SKU033,WH2,,889.0
2024-10-11,SKU001,WH1,59.0,761.0
2025-01-30,SKU012,WH2,27.0,345.0
2024-03-27,SKU024,WH3,16.0,195.0
2024-05-08,SKU022,WH2,46.0,805.0
2024-06-03,SKU027,WH4,91.0,898.0
2024-08-06,SKU041,WH1,99999.0,753.0
2025-03-28,SKU014,WH2,,463.0
2024-11-07,SKU033,WH1,66.0,334.0
2025-02-23,SKU049,WH3,66.0,291.0
2024-05-30,SKU042,WH2,57.0,957.0
2025-05-22,SKU029,WH1,25.0,656.0
2024-12-03,SKU024,WH3,60.0,451.0
2025-06-25,SKU032,WH2,50.0,991.0
2024-05-27,SKU003,WH3,28.0,250.0
2025-09-29,SKU018,WH1,98.0,483.0
2025-08-06,SKU032,WH2,25.0,726.0
2025-10-08,SKU020,WH2,3.0,350.0
2024-12-21,SKU002,WH2,5.0,284.0
2025-10-09,SKU038,WH3,23.0,901.0
2025-11-01,SKU011,WH3,52.0,312.0
2025-02-17,SKU013,WH3,10.0,565.0
2025-11-24,SKU041,WH2,78.0,977.0
2024-12-31,SKU015,WH3,87.0,715.0
2025-05-04,SKU030,WH4,30.0,575.0
2024-06-03,SKU006,WH3,50.0,227.0
2025-05-28,SKU046,WH3,43.0,131.0
2025-10-25,SKU040,WH1,56.0,778.0
2025-01-29,SKU009,WH3,58.0,418.0
2024-03-02,SKU008,WH4,89.0,867.0
2024-10-26,SKU015,WH2,35.0,561.0
2024-08-17,SKU026,WH5,13.0,114.0
2024-04-08,SKU036,WH3,87.0,608.0
2025-12-13,SKU047,WH2,27.0,263.0
2024-11-30,SKU042,WH1,60.0,403.0
2025-04-02,SKU030,WH3,56.0,358.0
2024-04-22,SKU013,WH1,10.0,367.0
2025-10-01,SKU034,WH5,22.0,316.0
2024-01-09,SKU046,WH2,3.0,326.0
2025-10-26,SKU048,WH3,32.0,924.0
2024-08-26,SKU015,WH3,60.0,899.0
2024-03-22,SKU016,WH3,88.0,532.0
2025-01-24,SKU034,WH4,39.0,656.0
2025-08-08,SKU020,WH2,74.0,302.0
2025-08-04,SKU036,WH3,74.0,706.0
2025-10-11,SKU034,WH1,50.0,547.0
2025-02-27,SKU005,WH2,19.0,274.0
2024-09-05,SKU049,WH5,23.0,627.0
2024-11-06,SKU018,WH4,34.0,148.0
2024-10-12,SKU041,WH1,55.0,208.0
2025-12-31,SKU029,WH1,78.0,814.0
2025-12-08,SKU026,WH3,54.0,869.0
2024-04-30,SKU022,WH1,30.0,586.0
2024-08-23,SKU037,WH2,99999.0,873.0
2024-09-02,SKU017,WH5,36.0,861.0
2024-03-19,SKU010,WH1,74.0,738.0
2024-09-06,SKU005,WH1,66.0,814.0
2024-02-28,SKU042,WH3,12.0,368.0
2024-05-22,SKU035,WH3,29.0,616.0
2024-02-24,SKU006,WH3,19.0,677.0
2025-04-26,SKU025,WH1,98.0,290.0
2025-02-15,SKU004,WH1,11.0,276.0
2024-03-06,SKU040,WH5,33.0,322.0
2024-11-13,SKU037,WH2,24.0,494.0
2025-12-19,SKU050,WH3,21.0,929.0
2024-06-17,SKU032,WH1,29.0,132.0
2025-11-26,SKU050,WH3,48.0,352.0
2025-06-01,SKU005,WH3,75.0,919.0
2025-02-06,SKU008,WH2,7.0,
2025-01-05,SKU020,WH2,2.0,517.0
2024-01-04,SKU005,WH1,86.0,
2025-08-14,SKU014,WH3,23.0,157.0
2024-07-28,SKU009,WH1,94.0,324.0
2024-12-17,SKU039,WH1,48.0,638.0
2025-02-14,SKU001,WH3,22.0,168.0
2025-10-26,SKU035,WH4,62.0,995.0
2024-10-20,SKU037,WH2,61.0,137.0
2024-02-22,SKU039,WH1,91.0,735.0
2025-06-23,SKU020,WH2,91.0,456.0
2025-12-14,SKU039,WH3,19.0,819.0
2024-08-16,SKU035,WH3,10.0,323.0
2024-04-29,SKU025,WH2,11.0,332.0
2024-11-08,SKU011,WH1,98.0,287.0
2025-02-06,SKU017,WH2,2.0,540.0
2024-03-26,SKU033,WH3,31.0,868.0
2024-02-09,SKU037,WH5,5.0,649.0
2024-08-12,SKU037,WH2,28.0,173.0
2025-09-10,SKU022,WH2,4.0,754.0
2025-07-09,SKU037,WH1,2.0,968.0
2025-08-14,SKU025,WH3,46.0,825.0
2025-07-16,SKU010,WH2,72.0,681.0
2025-03-11,SKU037,WH2,18.0,698.0
2025-03-26,SKU005,WH3,30.0,
2024-12-02,SKU025,WH5,82.0,506.0
2025-07-24,SKU037,WH1,5.0,210.0
2025-04-24,SKU006,WH3,80.0,167.0
2025-03-31,SKU025,WH3,96.0,900.0
2025-06-04,SKU028,WH2,19.0,631.0
2025-01-30,SKU002,WH3,44.0,749.0
2024-01-13,SKU014,WH1,7.0,710.0
2025-10-15,SKU016,WH4,27.0,348.0
2024-08-22,SKU008,WH1,66.0,945.0
2025-08-22,SKU021,WH1,23.0,490.0
2024-12-31,SKU007,WH2,10.0,354.0
2025-01-22,SKU036,WH1,37.0,898.0
2025-12-29,SKU007,WH3,47.0,377.0
2025-08-09,SKU025,WH1,10.0,849.0
2025-01-10,SKU019,WH1,72.0,955.0
2024-03-30,SKU026,WH1,57.0,116.0
2025-10-02,SKU014,WH2,75.0,160.0
2024-10-26,SKU024,WH1,1.0,883.0
2024-06-21,SKU027,WH1,1.0,334.0
2025-07-20,SKU033,WH3,,644.0
2024-01-08,SKU023,WH2,18.0,103.0
2025-10-04,SKU047,WH1,8.0,502.0
2024-11-06,SKU048,WH5,78.0,268.0
2025-08-14,SKU036,WH1,42.0,700.0
2025-04-14,SKU014,WH1,76.0,
2025-06-27,SKU036,WH2,17.0,989.0
2025-03-14,SKU032,WH3,27.0,410.0
2025-08-17,SKU042,WH1,67.0,883.0
2024-08-29,SKU046,WH4,87.0,812.0
2025-12-02,SKU011,WH1,33.0,502.0
2025-12-12,SKU050,WH5,96.0,131.0
2025-09-15,SKU047,WH5,,730.0
2024-09-02,SKU009,WH5,71.0,728.0
2024-10-13,SKU003,WH3,9.0,611.0
2024-02-09,SKU017,WH1,97.0,708.0
2024-01-18,SKU039,WH4,46.0,581.0
2024-08-13,SKU023,WH2,92.0,752.0
2024-05-24,SKU030,WH2,74.0,465.0
2024-02-26,SKU018,WH5,13.0,262.0
2025-06-29,SKU048,WH2,70.0,575.0
2024-11-13,SKU034,WH3,12.0,481.0
2025-02-22,SKU032,WH1,52.0,
2024-04-30,SKU004,WH1,6.0,214.0
2024-11-10,SKU032,WH1,8.0,733.0
2025-04-18,SKU003,WH1,69.0,184.0
2024-06-15,SKU002,WH1,,133.0
2024-08-17,SKU007,WH5,45.0,646.0
2024-07-18,SKU019,WH5,66.0,414.0
2024-11-18,SKU035,WH3,22.0,882.0
2025-04-18,SKU015,WH3,74.0,709.0
2025-07-24,SKU026,WH3,48.0,847.0
2024-01-17,SKU035,WH1,18.0,652.0
2024-07-19,SKU006,WH2,35.0,285.0
2024-06-19,SKU021,WH4,65.0,210.0
2024-11-24,SKU038,WH5,67.0,457.0
2025-06-20,SKU029,WH5,40.0,883.0
2024-04-14,SKU016,WH1,29.0,114.0
2024-02-09,SKU019,WH2,26.0,390.0
2025-03-15,SKU033,WH3,59.0,388.0
2025-05-22,SKU001,WH3,44.0,634.0
2025-12-19,SKU027,WH3,75.0,599.0
2024-07-12,SKU022,WH2,26.0,463.0
2025-08-17,SKU031,WH2,74.0,969.0
2025-11-06,SKU036,WH5,45.0,635.0
2024-02-09,SKU034,WH5,74.0,689.0
2024-07-20,SKU006,WH2,18.0,942.0
2025-03-25,SKU011,WH2,43.0,804.0
2024-07-12,SKU039,WH3,99999.0,647.0
2025-04-05,SKU036,WH1,89.0,969.0
2025-08-04,SKU025,WH1,67.0,589.0
2024-08-03,SKU002,WH3,79.0,
2025-09-14,SKU013,WH2,28.0,272.0
2025-10-20,SKU026,WH1,69.0,788.0
2024-05-17,SKU049,WH3,6.0,389.0
2025-05-08,SKU048,WH3,34.0,267.0
2025-05-07,SKU008,WH1,15.0,895.0
2024-09-14,SKU012,WH2,40.0,647.0
2024-02-03,SKU009,WH3,32.0,734.0
2024-12-28,SKU050,WH4,69.0,891.0
2025-09-14,SKU035,WH1,97.0,918.0
2024-07-31,SKU026,WH5,54.0,217.0
2025-10-24,SKU045,WH1,11.0,630.0
2024-05-27,SKU006,WH1,72.0,589.0
2024-08-17,SKU035,WH1,95.0,629.0
2024-12-07,SKU037,WH1,47.0,571.0
2024-09-09,SKU031,WH2,60.0,184.0
2024-06-14,SKU012,WH5,85.0,880.0
2025-10-04,SKU035,WH3,30.0,883.0
2024-11-08,SKU011,WH1,29.0,290.0
2024-10-07,SKU032,WH4,4.0,
2025-12-07,SKU043,WH1,24.0,598.0
2025-09-22,SKU049,WH3,50.0,206.0
2024-12-23,SKU019,WH2,4.0,659.0
2024-08-18,SKU029,WH1,77.0,688.0
2025-07-20,SKU029,WH3,67.0,187.0
2025-07-23,SKU026,WH1,65.0,788.0
2024-02-26,SKU014,WH5,,752.0
2024-04-15,SKU004,WH5,37.0,578.0
2025-12-19,SKU047,WH3,53.0,713.0
2025-11-15,SKU026,WH2,69.0,540.0
2024-05-16,SKU026,WH2,22.0,534.0
2024-02-17,SKU013,WH5,91.0,891.0
2024-05-25,SKU017,WH2,64.0,647.0
2024-10-04,SKU028,WH1,,537.0
2025-02-25,SKU025,WH5,100.0,990.0
2024-12-03,SKU050,WH3,85.0,597.0
2024-05-13,SKU023,WH3,88.0,241.0
2024-04-18,SKU040,WH1,84.0,304.0
2024-07-28,SKU014,WH3,56.0,552.0
2025-05-10,SKU022,WH3,34.0,127.0
2025-03-05,SKU022,WH3,95.0,110.0
2025-10-26,SKU032,WH1,66.0,544.0
2025-04-14,SKU028,WH1,41.0,784.0
2024-08-08,SKU009,WH1,82.0,637.0
2024-01-06,SKU006,WH3,14.0,
2025-04-04,SKU050,WH2,74.0,452.0
2025-07-12,SKU027,WH3,20.0,
2025-04-21,SKU004,WH2,62.0,254.0
2024-01-24,SKU026,WH5,39.0,215.0
2024-04-03,SKU043,WH5,36.0,314.0
2025-01-25,SKU042,WH5,56.0,948.0
2025-03-20,SKU026,WH2,13.0,911.0
2025-12-20,SKU011,WH3,80.0,571.0
2025-10-08,SKU006,WH3,14.0,423.0
2025-04-15,SKU042,WH1,77.0,175.0
2025-10-02,SKU012,WH5,72.0,305.0
2025-07-27,SKU002,WH1,86.0,636.0
2024-02-16,SKU007,WH4,35.0,732.0
2025-01-18,SKU024,WH2,14.0,272.0
2024-03-16,SKU044,WH4,59.0,439.0
2025-11-20,SKU040,WH1,33.0,644.0
2025-08-31,SKU048,WH1,48.0,683.0
2024-02-23,SKU026,WH2,76.0,448.0
2025-06-28,SKU017,WH1,47.0,326.0
2024-10-16,SKU038,WH3,57.0,246.0
2025-02-05,SKU030,WH2,8.0,737.0
2025-06-25,SKU017,WH4,42.0,667.0
2025-11-16,SKU019,WH4,48.0,589.0
2025-06-12,SKU029,WH1,99.0,317.0
2025-02-23,SKU008,WH4,78.0,425.0
2025-11-18,SKU013,WH3,39.0,749.0
2025-06-24,SKU006,WH3,74.0,664.0
2024-08-26,SKU022,WH3,57.0,355.0
2024-05-18,SKU013,WH3,32.0,286.0
2025-05-09,SKU010,WH1,66.0,361.0
2025-01-17,SKU030,WH1,50.0,309.0
2024-07-14,SKU005,WH1,4.0,
2024-03-11,SKU015,WH5,,986.0
2024-05-11,SKU013,WH2,58.0,712.0
2024-02-02,SKU025,WH3,91.0,326.0
2025-12-28,SKU003,WH2,4.0,735.0
2025-03-12,SKU027,WH3,91.0,281.0
2025-10-08,SKU024,WH3,74.0,505.0
2024-10-08,SKU039,WH1,99999.0,447.0
2024-12-15,SKU002,WH3,22.0,305.0
2024-02-06,SKU026,WH2,37.0,471.0
2024-03-09,SKU043,WH4,83.0,726.0
2024-12-01,SKU018,WH3,53.0,210.0
2024-06-25,SKU008,WH2,82.0,589.0
2024-02-08,SKU041,WH2,,
2025-04-10,SKU046,WH1,,308.0
2025-12-18,SKU023,WH1,72.0,443.0
2025-03-14,SKU012,WH2,50.0,712.0
2025-12-22,SKU040,WH5,25.0,926.0
2025-08-08,SKU033,WH3,91.0,778.0
2024-07-31,SKU023,WH3,97.0,722.0
2024-09-10,SKU004,WH4,75.0,445.0
2025-12-09,SKU032,WH3,59.0,141.0
2024-01-23,SKU043,WH5,26.0,759.0
2024-12-10,SKU004,WH3,63.0,438.0
2025-06-29,SKU035,WH1,2.0,814.0
2024-11-08,SKU026,WH1,88.0,770.0
2025-02-11,SKU034,WH1,,664.0
2024-06-24,SKU022,WH5,17.0,830.0
2024-12-24,SKU044,WH4,,305.0
2025-05-10,SKU018,WH3,45.0,295.0
2024-10-11,SKU040,WH1,96.0,248.0
2024-06-13,SKU011,WH2,62.0,652.0
2024-11-15,SKU041,WH2,20.0,420.0
2025-08-02,SKU021,WH1,12.0,709.0
2024-02-01,SKU039,WH3,71.0,317.0
2025-12-24,SKU025,WH1,81.0,652.0
2025-10-18,SKU038,WH4,45.0,590.0
2024-05-29,SKU032,WH1,93.0,333.0
2025-09-27,SKU033,WH2,99.0,799.0
2025-04-27,SKU025,WH3,88.0,671.0
2024-05-05,SKU036,WH2,85.0,247.0
2025-01-24,SKU032,WH1,70.0,956.0
2025-11-15,SKU007,WH3,84.0,296.0
2024-05-22,SKU038,WH3,12.0,747.0
2025-06-16,SKU050,WH1,73.0,815.0
2024-08-11,SKU016,WH2,34.0,826.0
2024-08-10,SKU026,WH1,68.0,196.0
2025-11-14,SKU022,WH5,22.0,244.0
2024-07-04,SKU048,WH2,14.0,985.0
2025-08-03,SKU047,WH3,18.0,462.0
2024-09-25,SKU047,WH1,7.0,483.0
2025-05-01,SKU048,WH2,99.0,400.0
2024-12-23,SKU009,WH4,98.0,503.0
2024-12-30,SKU012,WH2,33.0,416.0
2024-02-02,SKU028,WH5,67.0,428.0
2024-01-26,SKU007,WH1,64.0,539.0
2025-04-14,SKU032,WH1,82.0,615.0
2025-06-24,SKU033,WH2,24.0,534.0
2025-07-23,SKU026,WH2,52.0,431.0
2025-10-13,SKU049,WH1,18.0,207.0
2025-12-09,SKU044,WH1,18.0,899.0
2024-07-11,SKU001,WH1,85.0,637.0
2024-03-23,SKU003,WH1,14.0,774.0
2024-11-01,SKU042,WH1,16.0,443.0
2025-05-23,SKU032,WH3,91.0,705.0
2024-08-08,SKU008,WH3,18.0,120.0
2025-04-27,SKU029,WH1,93.0,464.0
2024-11-15,SKU025,WH3,6.0,109.0
2025-08-01,SKU008,WH5,89.0,203.0
2025-07-18,SKU009,WH3,67.0,642.0
2025-05-08,SKU031,WH1,3.0,499.0
2025-02-22,SKU020,WH2,96.0,186.0
2025-02-15,SKU032,WH2,69.0,966.0
2025-02-25,SKU027,WH4,26.0,681.0
2025-01-23,SKU048,WH5,43.0,
2025-07-14,SKU027,WH4,82.0,323.0
2024-10-16,SKU011,WH3,84.0,103.0
2025-11-19,SKU027,WH5,14.0,424.0
2024-01-23,SKU040,WH1,34.0,816.0
2025-06-15,SKU020,WH4,26.0,190.0
2025-09-08,SKU040,WH2,98.0,889.0
2024-08-26,SKU024,WH5,67.0,364.0
2025-08-16,SKU016,WH3,37.0,561.0
2025-08-13,SKU021,WH2,93.0,627.0
2024-12-12,SKU035,WH2,78.0,718.0
2024-12-25,SKU024,WH4,55.0,878.0
2024-02-07,SKU044,WH3,76.0,308.0
2025-11-15,SKU030,WH3,49.0,652.0
2025-11-03,SKU031,WH1,4.0,465.0
2025-01-12,SKU025,WH1,74.0,660.0
2025-11-11,SKU017,WH4,81.0,379.0
2024-04-25,SKU031,WH2,66.0,902.0
2025-10-08,SKU032,WH4,57.0,310.0
2024-03-19,SKU048,WH2,86.0,256.0
2024-06-30,SKU044,WH4,39.0,850.0
2025-03-27,SKU008,WH1,50.0,926.0
2024-01-17,SKU015,WH2,47.0,707.0
2024-09-18,SKU005,WH1,70.0,392.0
2025-10-29,SKU023,WH3,55.0,340.0
2025-05-08,SKU002,WH1,12.0,973.0
2025-07-30,SKU005,WH1,97.0,687.0
2024-10-23,SKU028,WH2,26.0,501.0
2024-08-24,SKU043,WH1,14.0,753.0
2024-10-16,SKU040,WH3,42.0,345.0
2025-01-23,SKU028,WH3,87.0,836.0
2025-01-05,SKU039,WH2,7.0,219.0
2024-07-03,SKU033,WH3,60.0,984.0
2025-12-08,SKU044,WH1,89.0,335.0
2024-07-02,SKU005,WH2,93.0,483.0
2025-04-07,SKU002,WH3,53.0,859.0
2025-04-03,SKU003,WH2,66.0,390.0
2025-05-15,SKU015,WH1,32.0,149.0
2024-08-10,SKU037,WH2,66.0,145.0
2024-08-01,SKU003,WH3,12.0,479.0
2024-08-30,SKU010,WH2,61.0,261.0
2024-11-04,SKU010,WH1,50.0,369.0
2025-09-10,SKU015,WH3,19.0,722.0
2025-10-15,SKU045,WH3,54.0,880.0
2025-10-31,SKU018,WH1,94.0,670.0
2025-12-07,SKU004,WH2,39.0,366.0
2024-03-29,SKU025,WH4,78.0,977.0
2024-03-05,SKU028,WH5,9.0,799.0
2024-03-11,SKU047,WH2,,846.0
2025-01-29,SKU032,WH1,40.0,777.0
2024-10-14,SKU014,WH2,76.0,990.0
2025-03-05,SKU003,WH5,20.0,145.0
2024-04-29,SKU031,WH4,23.0,647.0
2024-04-03,SKU043,WH3,26.0,662.0
2024-02-08,SKU049,WH4,26.0,765.0
2025-02-01,SKU006,WH1,9.0,890.0
2024-07-31,SKU031,WH2,,535.0
2025-07-22,SKU022,WH5,15.0,411.0
2025-03-27,SKU019,WH1,31.0,282.0
2025-02-05,SKU035,WH1,2.0,863.0
2024-08-20,SKU027,WH1,97.0,508.0
2024-07-21,SKU034,WH2,9.0,253.0
2025-10-08,SKU049,WH1,98.0,550.0
2024-02-18,SKU041,WH4,55.0,141.0
2024-01-10,SKU016,WH1,41.0,962.0
2025-09-15,SKU037,WH4,87.0,469.0
2024-01-21,SKU022,WH5,16.0,187.0
2024-07-24,SKU009,WH2,48.0,112.0
2025-11-22,SKU031,WH2,32.0,857.0
2025-08-31,SKU001,WH5,34.0,689.0
2025-02-10,SKU003,WH1,42.0,370.0
2024-09-19,SKU028,WH3,60.0,754.0
2025-01-02,SKU019,WH1,13.0,644.0
2025-03-15,SKU002,WH1,10.0,296.0
2024-05-23,SKU030,WH2,24.0,
2024-11-28,SKU026,WH2,70.0,906.0
2025-11-24,SKU009,WH1,41.0,147.0
2025-09-03,SKU029,WH1,21.0,306.0
2025-10-17,SKU015,WH1,2.0,923.0
2025-03-20,SKU019,WH2,35.0,803.0
2024-07-30,SKU012,WH1,88.0,290.0
2024-03-11,SKU008,WH1,83.0,433.0
2025-08-26,SKU006,WH3,60.0,481.0
2025-12-27,SKU016,WH3,80.0,497.0
2024-01-18,SKU017,WH2,50.0,807.0
2025-03-24,SKU034,WH2,61.0,387.0
2025-05-25,SKU007,WH3,37.0,208.0
2025-08-16,SKU033,WH3,26.0,785.0
2025-01-26,SKU013,WH1,39.0,556.0
2024-07-11,SKU015,WH4,8.0,639.0
2024-11-12,SKU018,WH2,3.0,369.0
2024-09-07,SKU006,WH3,84.0,261.0
2025-07-31,SKU007,WH1,96.0,184.0
2025-12-16,SKU033,WH1,86.0,135.0
2025-05-13,SKU028,WH5,81.0,518.0
2024-09-07,SKU033,WH4,38.0,802.0
2024-09-07,SKU001,WH5,54.0,615.0
2025-07-17,SKU013,WH2,57.0,168.0
2024-11-27,SKU028,WH3,35.0,381.0
2025-05-22,SKU030,WH3,30.0,944.0
2024-08-12,SKU039,WH1,57.0,829.0
2024-10-26,SKU048,WH2,74.0,828.0
2024-06-25,SKU033,WH1,35.0,505.0
2025-09-08,SKU044,WH3,10.0,606.0
2024-09-14,SKU034,WH1,16.0,932.0
2025-05-06,SKU017,WH4,41.0,374.0
2024-03-20,SKU044,WH5,38.0,1000.0
2025-07-09,SKU031,WH1,72.0,107.0
2024-03-17,SKU011,WH3,80.0,851.0
2024-07-01,SKU031,WH4,33.0,504.0
2024-09-30,SKU007,WH3,72.0,386.0
2025-05-11,SKU018,WH1,40.0,361.0
2025-04-13,SKU019,WH2,77.0,605.0
2024-01-09,SKU012,WH3,52.0,468.0
2025-01-06,SKU049,WH1,69.0,736.0
2024-11-17,SKU032,WH1,67.0,902.0
2024-09-11,SKU043,WH3,55.0,207.0
2024-10-15,SKU024,WH1,72.0,541.0
2025-04-02,SKU032,WH1,99.0,820.0
2024-09-24,SKU018,WH1,25.0,300.0
2024-10-13,SKU011,WH4,38.0,918.0
2025-05-20,SKU007,WH2,30.0,565.0
2024-03-24,SKU012,WH4,74.0,157.0
2024-06-24,SKU024,WH3,1.0,668.0
2024-04-07,SKU022,WH2,61.0,831.0
2025-04-02,SKU035,WH5,56.0,307.0
2024-02-16,SKU048,WH4,99.0,580.0
2025-06-17,SKU013,WH1,75.0,835.0
2024-11-05,SKU023,WH1,27.0,538.0
2024-10-01,SKU026,WH2,27.0,992.0
2024-09-22,SKU016,WH4,,948.0
2025-01-08,SKU044,WH4,90.0,946.0
2024-01-13,SKU028,WH2,70.0,561.0
2024-07-02,SKU009,WH2,24.0,358.0
2024-03-23,SKU044,WH2,20.0,
2025-04-24,SKU048,WH3,69.0,842.0
2025-12-12,SKU023,WH1,75.0,539.0
2024-05-26,SKU048,WH1,43.0,397.0
2024-05-14,SKU040,WH1,58.0,174.0
2025-07-23,SKU022,WH1,54.0,896.0
2024-02-07,SKU031,WH1,36.0,544.0
2024-06-29,SKU014,WH1,16.0,389.0
2024-12-27,SKU020,WH1,75.0,539.0
2024-01-11,SKU015,WH2,27.0,413.0
2024-04-28,SKU004,WH1,33.0,286.0
2024-02-10,SKU013,WH2,42.0,300.0
2025-10-30,SKU049,WH1,73.0,983.0
2024-07-21,SKU041,WH2,88.0,795.0
2025-03-20,SKU041,WH1,57.0,806.0
2024-12-28,SKU016,WH4,62.0,946.0
2024-01-04,SKU038,WH4,92.0,854.0
2025-03-24,SKU004,WH1,70.0,898.0
2024-05-19,SKU032,WH1,69.0,859.0
2024-03-28,SKU009,WH5,27.0,488.0
2024-05-12,SKU050,WH3,84.0,778.0
2024-02-10,SKU012,WH4,91.0,301.0
2025-07-03,SKU002,WH1,88.0,387.0
2025-06-17,SKU021,WH2,74.0,145.0
2025-01-22,SKU042,WH1,53.0,282.0
2024-01-10,SKU015,WH4,82.0,660.0
2025-12-14,SKU004,WH1,12.0,907.0
2024-11-04,SKU025,WH2,56.0,
2025-04-28,SKU036,WH1,3.0,128.0
2025-11-14,SKU038,WH1,80.0,645.0
2024-02-28,SKU009,WH3,59.0,370.0
2025-06-26,SKU042,WH2,67.0,240.0
2025-02-19,SKU033,WH3,40.0,252.0
2024-09-16,SKU018,WH1,68.0,363.0
2025-10-16,SKU008,WH3,96.0,495.0
2024-03-16,SKU047,WH4,7.0,629.0
2024-10-20,SKU016,WH1,62.0,683.0
2024-02-28,SKU044,WH2,83.0,564.0
2025-02-01,SKU050,WH2,36.0,519.0
2024-12-10,SKU049,WH2,66.0,737.0
2025-10-21,SKU013,WH1,94.0,363.0
2025-02-02,SKU022,WH3,80.0,135.0
2024-09-25,SKU022,WH1,,141.0
2025-10-02,SKU009,WH1,61.0,281.0
2024-07-30,SKU001,WH1,50.0,583.0
2024-01-23,SKU049,WH1,21.0,425.0
2024-12-31,SKU050,WH2,69.0,912.0
2025-12-27,SKU010,WH2,40.0,251.0
2024-12-06,SKU017,WH2,89.0,891.0
2025-09-11,SKU006,WH3,35.0,
2025-07-31,SKU024,WH3,7.0,216.0
2024-09-22,SKU039,WH2,29.0,120.0
2024-10-28,SKU016,WH3,25.0,481.0
2024-07-10,SKU034,WH1,55.0,796.0
2024-11-19,SKU014,WH1,16.0,381.0
2024-02-02,SKU043,WH5,22.0,164.0
2024-04-21,SKU024,WH1,72.0,793.0
2024-05-18,SKU014,WH2,,988.0
2025-05-15,SKU036,WH3,28.0,779.0
2024-03-10,SKU022,WH2,26.0,112.0
2024-09-02,SKU022,WH1,43.0,
2024-11-20,SKU020,WH3,20.0,270.0
2025-11-09,SKU046,WH1,50.0,383.0
2024-09-18,SKU005,WH1,35.0,996.0
2025-08-05,SKU030,WH1,57.0,399.0
2024-12-19,SKU009,WH4,17.0,618.0
2024-06-17,SKU002,WH1,94.0,697.0
2024-03-08,SKU014,WH2,98.0,304.0
2024-05-01,SKU014,WH3,53.0,251.0
2025-01-04,SKU049,WH3,33.0,244.0
2025-11-24,SKU029,WH2,42.0,841.0
2025-01-20,SKU001,WH3,29.0,611.0
2025-05-19,SKU049,WH3,62.0,266.0
2025-04-03,SKU029,WH4,44.0,655.0
2024-07-15,SKU022,WH1,1.0,514.0
2024-01-10,SKU038,WH3,21.0,491.0
2024-12-13,SKU002,WH3,47.0,727.0
2025-07-30,SKU028,WH3,95.0,366.0
2024-04-23,SKU014,WH2,7.0,926.0
2024-06-12,SKU037,WH1,,749.0
2024-05-09,SKU033,WH3,57.0,858.0
2024-08-17,SKU022,WH3,89.0,942.0
2025-02-11,SKU036,WH1,47.0,358.0
2025-05-27,SKU027,WH2,1.0,454.0
2024-05-26,SKU024,WH3,36.0,733.0
2025-05-20,SKU042,WH1,2.0,760.0
2025-12-23,SKU016,WH3,72.0,931.0
2025-06-14,SKU027,WH4,42.0,120.0
2024-04-19,SKU021,WH4,,449.0
2024-02-15,SKU017,WH2,54.0,524.0
2024-02-09,SKU047,WH3,,380.0
2025-06-14,SKU021,WH3,8.0,405.0
2025-03-07,SKU021,WH2,88.0,993.0
2025-11-18,SKU007,WH2,57.0,765.0
2024-01-23,SKU019,WH2,45.0,632.0
2024-10-29,SKU038,WH3,25.0,543.0
2025-08-12,SKU033,WH4,13.0,684.0
2025-12-03,SKU023,WH1,28.0,995.0
2025-08-10,SKU045,WH4,35.0,665.0
2024-11-02,SKU014,WH2,51.0,446.0
2025-08-24,SKU040,WH2,61.0,277.0
2025-02-24,SKU006,WH5,51.0,887.0
2025-08-10,SKU014,WH4,83.0,
2025-08-14,SKU007,WH2,26.0,511.0
2024-02-15,SKU043,WH3,90.0,776.0
2025-06-20,SKU047,WH1,80.0,470.0
2025-08-16,SKU029,WH5,78.0,216.0
2024-01-11,SKU001,WH5,2.0,376.0
2025-04-26,SKU021,WH3,10.0,719.0
2025-03-02,SKU014,WH1,,563.0
2025-04-04,SKU043,WH5,,758.0
2024-01-09,SKU045,WH1,23.0,543.0
2024-07-19,SKU044,WH3,20.0,746.0
2024-05-15,SKU012,WH2,78.0,973.0
2025-02-01,SKU004,WH1,78.0,596.0
2024-04-25,SKU021,WH1,84.0,681.0
2024-03-13,SKU013,WH3,98.0,773.0
2024-07-12,SKU025,WH3,21.0,485.0
2024-06-20,SKU042,WH1,16.0,420.0
2024-06-28,SKU041,WH2,22.0,346.0
2025-06-08,SKU042,WH4,4.0,437.0
2025-07-30,SKU033,WH1,7.0,
2025-01-07,SKU036,WH3,25.0,822.0
2025-12-19,SKU020,WH2,8.0,609.0
2025-08-08,SKU008,WH1,26.0,130.0
2025-04-08,SKU023,WH2,81.0,458.0
2025-06-14,SKU006,WH3,61.0,610.0
2024-12-14,SKU048,WH2,47.0,341.0
2024-12-24,SKU005,WH4,44.0,698.0
2024-08-30,SKU047,WH2,5.0,539.0
2025-01-14,SKU021,WH4,76.0,903.0
2025-10-26,SKU021,WH3,26.0,692.0
2025-08-01,SKU002,WH1,90.0,290.0
2025-08-07,SKU047,WH1,56.0,829.0
2025-11-25,SKU050,WH1,46.0,652.0
2025-06-28,SKU044,WH1,55.0,964.0
2025-02-27,SKU011,WH1,,809.0
2025-08-28,SKU025,WH4,8.0,211.0
2024-09-10,SKU002,WH5,51.0,163.0
2025-04-19,SKU021,WH2,40.0,807.0
2025-04-23,SKU008,WH2,92.0,464.0
2024-01-16,SKU023,WH2,99.0,487.0
2025-12-18,SKU043,WH2,17.0,204.0
2025-12-19,SKU026,WH2,12.0,449.0
2025-08-04,SKU033,WH1,94.0,942.0
2024-02-08,SKU008,WH3,71.0,677.0
2024-09-18,SKU022,WH5,32.0,295.0
2025-09-06,SKU015,WH1,27.0,769.0
2024-11-12,SKU039,WH1,8.0,619.0
2024-03-03,SKU008,WH1,55.0,589.0
2024-09-17,SKU027,WH1,96.0,662.0
2025-05-04,SKU026,WH2,84.0,944.0
2024-07-29,SKU021,WH4,87.0,549.0
2025-12-28,SKU040,WH1,23.0,225.0
2025-02-27,SKU044,WH1,73.0,161.0
2025-01-04,SKU032,WH1,97.0,557.0
2025-03-12,SKU011,WH2,59.0,579.0
2025-11-25,SKU003,WH5,60.0,524.0
2025-05-31,SKU037,WH2,86.0,765.0
2024-08-23,SKU040,WH2,72.0,756.0
2025-08-28,SKU037,WH2,64.0,478.0
2025-02-14,SKU050,WH5,97.0,805.0
2025-02-26,SKU028,WH5,35.0,193.0
2024-03-22,SKU041,WH2,23.0,467.0
2024-09-12,SKU038,WH1,,511.0
2024-06-16,SKU017,WH2,36.0,387.0
2025-04-30,SKU018,WH1,41.0,135.0
2024-07-11,SKU032,WH2,52.0,360.0
2024-05-08,SKU024,WH3,74.0,441.0
2024-07-03,SKU020,WH4,60.0,376.0
2025-04-03,SKU019,WH2,9.0,259.0
2024-09-28,SKU048,WH2,92.0,198.0
2024-06-20,SKU025,WH4,96.0,610.0
2025-10-14,SKU018,WH1,94.0,870.0
2024-04-23,SKU017,WH3,1.0,
2024-07-22,SKU046,WH5,5.0,545.0
2025-06-15,SKU025,WH5,33.0,632.0
2024-04-23,SKU005,WH3,17.0,141.0
2024-11-10,SKU029,WH5,69.0,233.0
2024-02-25,SKU024,WH3,81.0,102.0
2024-05-07,SKU049,WH2,,885.0
2025-03-20,SKU013,WH1,71.0,679.0
2025-08-27,SKU020,WH3,54.0,580.0
2024-02-02,SKU016,WH1,5.0,430.0
2025-10-05,SKU036,WH3,59.0,884.0
2025-12-09,SKU020,WH3,85.0,777.0
2025-03-27,SKU039,WH2,65.0,438.0
2025-08-05,SKU046,WH1,26.0,163.0
2025-04-05,SKU011,WH3,95.0,709.0
2024-03-26,SKU023,WH2,42.0,289.0
2024-01-13,SKU007,WH5,40.0,204.0
2025-05-01,SKU033,WH2,90.0,
2024-09-10,SKU043,WH3,14.0,467.0
2024-08-15,SKU044,WH1,,281.0
2025-10-09,SKU005,WH4,81.0,779.0
2025-09-17,SKU049,WH3,1.0,585.0
2024-06-18,SKU044,WH2,95.0,458.0
2024-06-10,SKU031,WH3,97.0,190.0
2024-01-26,SKU048,WH1,82.0,184.0
2024-10-01,SKU035,WH2,13.0,896.0
2024-07-08,SKU048,WH2,34.0,302.0
2024-06-05,SKU036,WH2,1.0,990.0
2025-08-10,SKU017,WH1,88.0,577.0
2024-03-25,SKU033,WH3,58.0,781.0
2024-12-30,SKU011,WH1,72.0,874.0
2025-11-28,SKU050,WH3,66.0,781.0
2024-10-26,SKU047,WH2,48.0,667.0
2025-08-20,SKU024,WH2,13.0,739.0
2025-06-07,SKU023,WH2,95.0,833.0
2024-08-07,SKU039,WH1,34.0,393.0
2025-11-28,SKU028,WH5,68.0,668.0
2024-08-12,SKU039,WH2,74.0,495.0
2025-03-31,SKU007,WH4,79.0,290.0
2025-10-10,SKU018,WH2,15.0,243.0
2024-01-15,SKU011,WH1,9.0,892.0
2025-03-25,SKU025,WH2,72.0,115.0
2025-02-14,SKU022,WH2,74.0,729.0
2025-04-14,SKU047,WH1,24.0,454.0
2025-01-17,SKU033,WH1,80.0,463.0
2024-06-15,SKU013,WH4,82.0,332.0
2025-05-17,SKU045,WH1,59.0,833.0
2025-06-05,SKU016,WH3,5.0,562.0
2024-03-01,SKU031,WH2,78.0,
2025-06-16,SKU007,WH1,29.0,682.0
2025-12-05,SKU045,WH1,79.0,539.0
2024-02-23,SKU035,WH3,76.0,156.0
2025-12-10,SKU040,WH1,23.0,752.0
2025-06-25,SKU044,WH3,86.0,211.0
2025-03-16,SKU048,WH5,48.0,372.0
2024-01-08,SKU004,WH5,67.0,273.0
2025-01-06,SKU016,WH1,65.0,589.0
2024-11-30,SKU015,WH3,85.0,857.0
2024-08-04,SKU017,WH2,27.0,210.0
2025-03-15,SKU039,WH2,40.0,356.0
2025-11-11,SKU036,WH3,7.0,229.0
2024-07-16,SKU002,WH2,57.0,395.0
2025-05-19,SKU040,WH1,30.0,383.0
2024-04-11,SKU043,WH4,32.0,347.0
2024-08-23,SKU028,WH3,2.0,414.0
2024-03-08,SKU041,WH5,66.0,716.0
2024-05-29,SKU019,WH2,,944.0
2024-03-20,SKU004,WH2,44.0,
2025-05-25,SKU013,WH3,1.0,523.0
2025-08-06,SKU029,WH3,96.0,671.0
2024-02-23,SKU035,WH1,30.0,907.0
2024-04-02,SKU016,WH3,73.0,258.0
2025-11-11,SKU046,WH2,49.0,644.0
2025-09-17,SKU027,WH2,47.0,384.0
2025-06-03,SKU030,WH1,37.0,201.0
2024-03-27,SKU019,WH1,34.0,605.0
2025-06-09,SKU036,WH1,81.0,436.0
2024-02-05,SKU025,WH1,27.0,861.0
2024-08-23,SKU001,WH3,4.0,552.0
2024-06-21,SKU021,WH1,93.0,631.0
2024-08-18,SKU021,WH2,93.0,938.0
2024-08-27,SKU023,WH4,93.0,943.0
2024-02-11,SKU043,WH1,32.0,907.0
2025-07-05,SKU031,WH3,57.0,393.0
2025-10-15,SKU005,WH3,52.0,722.0
2025-07-04,SKU008,WH4,7.0,813.0
2025-05-29,SKU019,WH4,80.0,832.0
2024-07-30,SKU043,WH2,85.0,664.0
2025-05-07,SKU025,WH3,23.0,862.0
2024-11-24,SKU017,WH1,,167.0
2025-06-17,SKU025,WH3,12.0,787.0
2025-06-03,SKU004,WH2,63.0,443.0
2024-03-08,SKU027,WH5,65.0,679.0
2025-06-19,SKU043,WH1,83.0,
2024-03-18,SKU003,WH3,34.0,711.0
2025-03-27,SKU045,WH3,28.0,484.0
2024-03-14,SKU026,WH2,49.0,876.0
2024-02-25,SKU014,WH3,8.0,349.0
2025-02-21,SKU022,WH4,90.0,352.0
2025-05-02,SKU007,WH3,38.0,401.0
2024-08-19,SKU034,WH2,33.0,606.0
2024-07-18,SKU039,WH3,64.0,804.0
2024-01-02,SKU033,WH2,47.0,776.0
2025-12-14,SKU036,WH2,79.0,905.0
2025-03-31,SKU040,WH2,5.0,183.0
2025-03-07,SKU006,WH4,94.0,319.0
2024-10-13,SKU018,WH3,84.0,124.0
2024-07-12,SKU036,WH2,,780.0
2025-06-30,SKU019,WH3,62.0,180.0
2025-01-04,SKU010,WH1,26.0,764.0
2024-10-21,SKU027,WH1,63.0,265.0
2024-06-06,SKU041,WH5,92.0,511.0
2025-01-15,SKU008,WH2,78.0,669.0
2025-01-29,SKU029,WH3,67.0,705.0
2025-01-09,SKU011,WH2,51.0,441.0
2025-04-21,SKU009,WH2,15.0,744.0
2024-11-02,SKU045,WH1,54.0,802.0
2024-08-10,SKU034,WH3,24.0,672.0
2024-06-13,SKU003,WH2,,798.0
2025-10-16,SKU013,WH2,15.0,238.0
2025-09-26,SKU019,WH3,17.0,162.0
2024-01-20,SKU023,WH1,25.0,156.0
2024-03-17,SKU022,WH1,30.0,498.0
2024-08-05,SKU043,WH1,75.0,204.0
2025-09-13,SKU016,WH5,16.0,665.0
2024-01-26,SKU007,WH1,49.0,471.0
2025-08-14,SKU025,WH1,11.0,196.0
2025-01-08,SKU040,WH3,6.0,123.0
2025-09-25,SKU027,WH3,42.0,227.0
2024-07-31,SKU016,WH5,88.0,859.0
2025-03-01,SKU043,WH5,40.0,360.0
2024-02-01,SKU018,WH5,10.0,784.0
2024-04-15,SKU032,WH2,27.0,578.0
2024-07-06,SKU047,WH3,39.0,
2024-03-29,SKU032,WH1,12.0,380.0
2024-08-16,SKU030,WH2,7.0,802.0
2025-09-21,SKU045,WH1,65.0,615.0
2024-12-04,SKU047,WH1,51.0,606.0
2024-10-22,SKU039,WH3,55.0,267.0
2024-10-22,SKU050,WH5,31.0,839.0
2024-08-10,SKU048,WH1,56.0,940.0
2025-02-25,SKU045,WH1,50.0,357.0
2024-11-30,SKU048,WH5,20.0,555.0
2024-06-08,SKU016,WH4,,408.0
2025-09-30,SKU044,WH1,20.0,414.0
2025-07-24,SKU006,WH3,28.0,387.0
2025-08-29,SKU033,WH1,26.0,611.0
2024-11-09,SKU014,WH3,53.0,470.0
2025-10-26,SKU006,WH2,33.0,615.0
2025-11-24,SKU007,WH3,89.0,627.0
2024-08-28,SKU003,WH1,35.0,665.0
2025-09-06,SKU008,WH3,51.0,385.0
2025-07-13,SKU044,WH3,29.0,266.0
2025-10-03,SKU011,WH1,51.0,363.0
2025-04-09,SKU045,WH2,22.0,910.0
2024-08-28,SKU045,WH2,48.0,568.0
2025-09-19,SKU029,WH3,99999.0,774.0
2024-08-27,SKU036,WH3,77.0,399.0
2024-07-27,SKU026,WH1,76.0,999.0
2024-11-02,SKU043,WH1,71.0,995.0
2024-03-07,SKU029,WH3,24.0,810.0
2024-02-24,SKU029,WH3,31.0,244.0
2025-03-01,SKU029,WH3,66.0,
2024-01-28,SKU003,WH1,38.0,448.0
2024-03-08,SKU041,WH1,98.0,375.0
2024-01-16,SKU029,WH2,11.0,946.0
2024-04-18,SKU038,WH3,25.0,750.0
2025-10-09,SKU040,WH3,29.0,238.0
2024-10-19,SKU047,WH1,33.0,887.0
2024-01-21,SKU050,WH1,94.0,862.0
2024-01-20,SKU007,WH5,95.0,882.0
2025-02-08,SKU001,WH3,46.0,895.0
2024-10-24,SKU045,WH3,98.0,468.0
2024-02-14,SKU011,WH4,16.0,495.0
2025-10-06,SKU049,WH1,99.0,362.0
2025-04-28,SKU038,WH1,17.0,920.0
2024-01-04,SKU003,WH4,60.0,956.0
2025-05-28,SKU034,WH2,99.0,549.0
2025-07-24,SKU024,WH2,,499.0
2025-03-23,SKU008,WH3,46.0,944.0
2024-02-06,SKU049,WH3,27.0,
2025-05-05,SKU028,WH3,43.0,182.0
2024-11-24,SKU016,WH3,87.0,318.0
2024-01-24,SKU035,WH5,34.0,244.0
2025-12-21,SKU024,WH3,75.0,355.0
2025-07-03,SKU006,WH2,58.0,493.0
2024-01-24,SKU017,WH5,6.0,755.0
2024-11-18,SKU032,WH3,19.0,979.0
2025-05-16,SKU004,WH3,17.0,632.0
2024-10-27,SKU044,WH3,20.0,345.0
2025-12-01,SKU044,WH1,13.0,431.0
2025-12-26,SKU035,WH2,,441.0
2024-06-11,SKU007,WH4,29.0,824.0
2024-12-31,SKU009,WH2,99.0,564.0
2025-08-25,SKU014,WH3,31.0,
2025-11-15,SKU007,WH1,69.0,644.0
2025-09-07,SKU042,WH1,16.0,868.0
2025-11-26,SKU007,WH1,58.0,945.0
2024-07-14,SKU035,WH1,34.0,770.0
2025-04-02,SKU033,WH1,25.0,860.0
2024-10-09,SKU037,WH5,2.0,
2024-11-26,SKU033,WH2,38.0,927.0
2024-02-14,SKU045,WH2,54.0,168.0
2024-12-31,SKU046,WH2,98.0,522.0
2025-07-17,SKU050,WH2,57.0,191.0
2025-11-26,SKU019,WH5,40.0,931.0
2024-10-06,SKU023,WH2,37.0,440.0
2024-07-19,SKU049,WH3,91.0,581.0
2024-12-22,SKU047,WH5,75.0,468.0
2025-12-29,SKU038,WH1,82.0,845.0
2024-02-25,SKU029,WH3,69.0,724.0
2025-03-10,SKU013,WH2,16.0,985.0
2024-07-28,SKU050,WH1,51.0,777.0
2025-11-18,SKU041,WH3,83.0,483.0
2025-05-28,SKU028,WH3,82.0,1000.0
2024-10-02,SKU042,WH1,3.0,715.0
2024-11-22,SKU029,WH1,27.0,491.0
2024-11-09,SKU016,WH2,59.0,748.0
2024-01-14,SKU004,WH3,27.0,557.0
2024-03-16,SKU040,WH2,59.0,187.0
2024-09-30,SKU011,WH4,78.0,641.0
2024-05-08,SKU027,WH1,76.0,618.0
2025-11-20,SKU011,WH3,63.0,823.0
2025-03-12,SKU050,WH3,27.0,850.0
2025-06-07,SKU047,WH1,9.0,984.0
2025-06-10,SKU039,WH2,63.0,930.0
2025-01-05,SKU018,WH3,70.0,278.0
2025-02-05,SKU024,WH3,76.0,435.0
2025-10-19,SKU017,WH2,75.0,889.0
2024-09-17,SKU009,WH2,79.0,158.0
2024-02-01,SKU010,WH4,70.0,703.0
2024-09-04,SKU047,WH1,62.0,113.0
2025-03-02,SKU045,WH2,96.0,312.0
2024-04-19,SKU008,WH2,13.0,822.0
2025-10-23,SKU038,WH4,72.0,233.0
2025-01-19,SKU007,WH2,62.0,973.0
2025-02-25,SKU015,WH2,62.0,652.0
2024-04-18,SKU025,WH4,62.0,884.0
2024-04-11,SKU036,WH1,83.0,269.0
2024-01-30,SKU026,WH1,38.0,497.0
2024-02-17,SKU029,WH3,87.0,728.0
2025-07-14,SKU036,WH3,64.0,927.0
2025-10-19,SKU025,WH4,48.0,919.0
2025-12-02,SKU049,WH1,29.0,224.0
2024-09-10,SKU034,WH3,9.0,612.0
2024-07-20,SKU009,WH2,50.0,499.0
2024-06-07,SKU018,WH1,48.0,573.0
2024-03-15,SKU009,WH1,63.0,920.0
2024-02-26,SKU027,WH3,7.0,907.0
2025-09-01,SKU042,WH2,17.0,703.0
2024-01-23,SKU030,WH5,92.0,752.0
2025-03-10,SKU027,WH2,100.0,777.0
2025-03-01,SKU038,WH4,53.0,383.0
2024-11-24,SKU035,WH5,85.0,
2024-10-14,SKU042,WH2,71.0,387.0
2024-09-16,SKU005,WH4,87.0,416.0
2025-01-16,SKU040,WH2,87.0,978.0
2024-01-29,SKU010,WH3,26.0,515.0
2024-11-16,SKU022,WH1,40.0,371.0
2025-10-19,SKU046,WH2,74.0,760.0
2025-11-02,SKU050,WH1,24.0,619.0
2024-06-10,SKU025,WH5,,227.0
2024-08-10,SKU019,WH3,64.0,573.0
2024-01-10,SKU034,WH3,14.0,585.0
2025-03-05,SKU050,WH1,83.0,801.0
2025-01-03,SKU029,WH3,2.0,605.0
2024-06-06,SKU001,WH3,,490.0
2025-12-09,SKU024,WH3,63.0,816.0
2024-10-03,SKU027,WH5,77.0,654.0
2024-11-14,SKU032,WH1,99999.0,843.0
2025-12-19,SKU032,WH1,77.0,804.0
2024-05-20,SKU002,WH1,74.0,412.0
2024-05-08,SKU013,WH3,34.0,818.0
2025-01-31,SKU032,WH3,23.0,889.0
2025-03-27,SKU014,WH1,94.0,466.0
2024-05-02,SKU021,WH5,43.0,562.0
2025-08-19,SKU036,WH5,99999.0,108.0
2025-06-14,SKU032,WH3,21.0,590.0
2024-05-17,SKU033,WH3,76.0,394.0
2024-10-23,SKU029,WH1,35.0,302.0
2025-04-03,SKU019,WH3,47.0,559.0
2025-08-23,SKU029,WH2,34.0,386.0
2025-01-18,SKU046,WH4,42.0,951.0
2025-06-28,SKU028,WH1,91.0,602.0
2025-01-06,SKU014,WH2,95.0,909.0
2025-01-14,SKU045,WH2,20.0,740.0
2024-11-06,SKU016,WH4,69.0,667.0
2024-06-22,SKU004,WH1,58.0,663.0
2024-03-13,SKU015,WH3,89.0,600.0
2024-05-15,SKU006,WH4,17.0,218.0
2024-10-06,SKU040,WH2,48.0,719.0
2025-10-04,SKU042,WH2,72.0,955.0
2024-04-17,SKU017,WH2,47.0,801.0
2025-09-04,SKU024,WH1,9.0,721.0
2025-06-28,SKU035,WH2,59.0,179.0
2025-11-05,SKU023,WH3,65.0,149.0
2025-06-19,SKU040,WH3,72.0,448.0
2024-04-17,SKU017,WH1,,299.0
2024-05-11,SKU020,WH3,49.0,271.0
2024-03-11,SKU023,WH1,61.0,182.0
2025-02-08,SKU021,WH3,14.0,322.0
2025-03-17,SKU039,WH3,75.0,700.0
2024-04-24,SKU008,WH1,,653.0
2025-06-23,SKU046,WH1,7.0,441.0
2025-05-18,SKU012,WH2,37.0,890.0
2024-09-07,SKU038,WH2,98.0,400.0
2025-04-02,SKU037,WH5,16.0,285.0
2024-11-25,SKU048,WH1,48.0,440.0
2024-09-12,SKU030,WH3,3.0,781.0
2024-06-08,SKU008,WH2,58.0,890.0
2024-04-29,SKU013,WH5,89.0,853.0
2025-03-01,SKU047,WH4,97.0,232.0
2025-09-03,SKU032,WH5,80.0,946.0
2025-12-03,SKU041,WH3,19.0,805.0
2024-05-30,SKU003,WH3,52.0,931.0
2025-02-17,SKU026,WH5,78.0,686.0
2024-06-04,SKU047,WH2,11.0,618.0
2025-06-10,SKU034,WH1,87.0,816.0
2025-10-23,SKU031,WH5,64.0,676.0
2025-11-20,SKU022,WH1,24.0,624.0
2024-09-17,SKU006,WH1,54.0,265.0
2024-03-23,SKU024,WH1,6.0,455.0
2025-04-21,SKU011,WH2,70.0,456.0
2024-09-30,SKU006,WH4,51.0,623.0
2025-12-01,SKU014,WH1,61.0,670.0
2024-07-18,SKU050,WH4,11.0,384.0
2025-08-01,SKU022,WH2,53.0,820.0
2025-07-29,SKU005,WH5,99999.0,203.0
2025-08-01,SKU021,WH1,30.0,355.0
2025-02-14,SKU041,WH3,87.0,910.0
2024-03-17,SKU040,WH2,89.0,422.0
2025-12-21,SKU011,WH1,59.0,301.0
2025-10-24,SKU028,WH5,57.0,668.0
2024-06-12,SKU005,WH5,6.0,506.0
2024-04-10,SKU011,WH1,2.0,147.0
2025-05-19,SKU001,WH2,97.0,146.0
2024-01-02,SKU008,WH2,45.0,524.0
2024-05-25,SKU019,WH3,46.0,
2024-11-04,SKU027,WH1,94.0,878.0
2025-11-10,SKU023,WH4,79.0,511.0
2025-11-26,SKU018,WH5,73.0,621.0
2025-10-23,SKU006,WH2,52.0,
2024-03-02,SKU033,WH5,46.0,801.0
2025-03-03,SKU004,WH2,2.0,145.0
2025-03-26,SKU034,WH2,54.0,878.0
2025-04-11,SKU004,WH1,18.0,795.0
2024-01-23,SKU011,WH2,77.0,
2024-03-30,SKU013,WH3,2.0,429.0
2025-08-31,SKU025,WH2,71.0,
2025-11-16,SKU046,WH2,36.0,870.0
2025-12-28,SKU019,WH1,46.0,881.0
2024-11-13,SKU006,WH2,75.0,627.0
2025-12-17,SKU041,WH4,4.0,159.0
2025-02-13,SKU010,WH3,60.0,386.0
2025-11-02,SKU032,WH1,76.0,511.0
2024-10-08,SKU035,WH1,41.0,812.0
2025-11-05,SKU042,WH3,11.0,645.0
2025-04-21,SKU035,WH1,2.0,169.0
2024-02-22,SKU046,WH2,17.0,726.0
2024-08-11,SKU023,WH1,3.0,113.0
2025-06-11,SKU049,WH3,5.0,874.0
2025-03-21,SKU016,WH2,79.0,403.0
2025-08-07,SKU009,WH3,52.0,840.0
2025-02-02,SKU026,WH5,11.0,703.0
2025-01-02,SKU004,WH5,43.0,415.0
2024-01-08,SKU027,WH3,63.0,569.0
2025-08-25,SKU047,WH2,47.0,701.0
2024-12-16,SKU028,WH5,94.0,669.0
2025-10-29,SKU041,WH2,30.0,725.0
2024-04-28,SKU008,WH1,27.0,661.0
2025-03-25,SKU017,WH2,31.0,894.0
2024-12-03,SKU011,WH2,78.0,616.0
2024-08-14,SKU027,WH2,51.0,573.0
2025-07-27,SKU023,WH1,47.0,642.0
2025-03-26,SKU010,WH4,70.0,849.0
2024-01-22,SKU024,WH3,22.0,337.0
2024-04-18,SKU036,WH2,40.0,812.0
2025-01-08,SKU021,WH1,35.0,139.0
2025-08-04,SKU041,WH5,41.0,
2025-11-14,SKU018,WH4,57.0,723.0
2025-09-09,SKU041,WH1,,406.0
2025-10-07,SKU010,WH3,98.0,897.0
2024-03-25,SKU027,WH4,4.0,807.0
2024-05-03,SKU042,WH2,51.0,694.0
2024-11-06,SKU041,WH2,64.0,579.0
2024-07-24,SKU044,WH1,54.0,608.0
2025-04-29,SKU046,WH2,34.0,190.0
2025-02-11,SKU044,WH2,46.0,909.0
2025-09-07,SKU023,WH1,,673.0
2025-02-28,SKU029,WH1,86.0,398.0
2024-06-14,SKU019,WH2,87.0,529.0
2024-10-02,SKU026,WH3,53.0,335.0
2024-03-19,SKU006,WH3,24.0,556.0
2025-11-18,SKU046,WH1,17.0,508.0
2024-09-22,SKU034,WH3,3.0,967.0
2024-05-23,SKU047,WH2,100.0,439.0
2024-03-29,SKU050,WH4,14.0,764.0
2025-07-21,SKU017,WH4,23.0,547.0
2024-04-13,SKU012,WH2,17.0,853.0
2024-01-31,SKU003,WH3,36.0,828.0
2024-01-27,SKU007,WH3,78.0,246.0
2025-07-31,SKU024,WH3,51.0,692.0
2024-02-19,SKU003,WH5,53.0,262.0
2024-06-20,SKU011,WH2,59.0,521.0
2024-01-30,SKU013,WH1,23.0,668.0
2025-06-19,SKU028,WH1,90.0,365.0
2024-12-04,SKU036,WH1,27.0,706.0
2024-06-18,SKU011,WH3,62.0,250.0
2024-03-27,SKU035,WH1,32.0,111.0
2025-11-20,SKU041,WH3,78.0,951.0
2024-08-19,SKU047,WH1,52.0,824.0
2025-09-04,SKU038,WH1,89.0,948.0
2025-05-14,SKU038,WH1,82.0,871.0
2024-04-30,SKU050,WH4,92.0,507.0
2024-05-22,SKU041,WH1,53.0,364.0
2025-06-09,SKU010,WH2,46.0,606.0
2025-07-16,SKU032,WH1,38.0,213.0
2025-07-08,SKU006,WH5,16.0,959.0
2024-01-23,SKU003,WH3,72.0,959.0
2025-03-04,SKU022,WH3,18.0,301.0
2025-05-16,SKU045,WH2,7.0,927.0
2024-08-05,SKU007,WH5,90.0,890.0
2024-12-11,SKU023,WH3,12.0,815.0
2025-09-18,SKU036,WH1,97.0,236.0
2025-10-27,SKU044,WH1,94.0,657.0
2024-05-21,SKU021,WH2,54.0,879.0
2024-03-21,SKU044,WH2,83.0,200.0
2024-11-21,SKU045,WH3,67.0,278.0
2024-02-20,SKU041,WH3,11.0,831.0
2024-05-04,SKU002,WH2,89.0,142.0
2024-11-29,SKU034,WH2,40.0,362.0
2025-03-26,SKU013,WH3,,870.0
2024-02-02,SKU014,WH2,39.0,995.0
2025-03-02,SKU039,WH1,56.0,318.0
2024-10-10,SKU046,WH3,76.0,720.0
2024-08-24,SKU012,WH3,46.0,475.0
2025-04-05,SKU034,WH3,63.0,385.0
2024-06-17,SKU013,WH2,49.0,840.0
2025-09-21,SKU012,WH1,96.0,742.0
2025-04-25,SKU035,WH3,79.0,374.0
2025-07-29,SKU042,WH2,46.0,957.0
2025-08-10,SKU042,WH2,51.0,297.0
2024-07-15,SKU045,WH1,,
2024-09-14,SKU035,WH3,36.0,763.0
2024-01-18,SKU029,WH1,43.0,518.0
2024-05-14,SKU028,WH3,9.0,428.0
2024-01-10,SKU012,WH1,77.0,454.0
2024-05-17,SKU008,WH2,66.0,836.0
2025-08-14,SKU035,WH1,65.0,150.0
2024-04-21,SKU018,WH1,21.0,868.0
2025-11-02,SKU020,WH2,,872.0
2024-11-24,SKU013,WH2,82.0,434.0
2025-02-08,SKU013,WH3,90.0,286.0
2024-05-22,SKU021,WH4,93.0,260.0
2025-10-21,SKU040,WH3,29.0,498.0
2024-07-11,SKU004,WH2,99.0,949.0
2024-09-27,SKU046,WH4,87.0,527.0
2025-05-30,SKU030,WH5,60.0,666.0
2024-06-30,SKU019,WH2,87.0,767.0
2025-10-26,SKU046,WH3,13.0,443.0
2024-07-01,SKU038,WH1,27.0,583.0
2025-06-13,SKU015,WH3,25.0,684.0
2024-02-19,SKU012,WH1,69.0,212.0
2025-02-05,SKU013,WH5,9.0,638.0
2024-01-09,SKU050,WH1,84.0,943.0
2025-10-06,SKU041,WH3,47.0,597.0
2024-04-17,SKU031,WH4,93.0,222.0
2025-12-24,SKU049,WH5,64.0,279.0
2025-03-08,SKU043,WH3,23.0,778.0
2024-04-03,SKU002,WH5,18.0,537.0
2024-05-17,SKU010,WH3,75.0,532.0
2025-04-20,SKU019,WH3,48.0,418.0
2024-04-03,SKU048,WH5,19.0,805.0
2025-10-19,SKU008,WH2,26.0,251.0
2024-06-25,SKU009,WH2,47.0,941.0
2024-08-12,SKU036,WH4,5.0,814.0
2024-03-21,SKU044,WH3,24.0,291.0
2024-05-11,SKU020,WH1,74.0,181.0
2024-10-20,SKU039,WH3,17.0,228.0
2024-02-08,SKU042,WH1,65.0,131.0
2024-11-24,SKU011,WH3,6.0,303.0
2025-05-22,SKU026,WH1,37.0,471.0
2025-07-15,SKU012,WH2,23.0,381.0
2024-01-23,SKU029,WH3,79.0,661.0
2024-07-23,SKU012,WH1,32.0,938.0
2024-05-19,SKU038,WH1,85.0,221.0
2025-01-21,SKU046,WH2,99.0,784.0
2025-12-28,SKU010,WH4,65.0,347.0
2025-12-28,SKU001,WH1,57.0,903.0
2025-10-20,SKU014,WH2,77.0,171.0
2024-06-26,SKU031,WH2,71.0,258.0
2024-06-20,SKU007,WH5,52.0,949.0
2025-04-28,SKU046,WH3,93.0,952.0
2025-07-13,SKU022,WH1,15.0,814.0
2024-03-20,SKU009,WH1,82.0,536.0
2024-08-13,SKU044,WH3,55.0,582.0
2025-08-01,SKU017,WH1,46.0,658.0
2025-02-20,SKU035,WH3,47.0,449.0
2025-03-31,SKU040,WH5,17.0,439.0
2025-07-23,SKU035,WH3,42.0,939.0
2025-08-26,SKU048,WH1,37.0,986.0
2025-04-15,SKU034,WH2,42.0,558.0
2025-01-31,SKU043,WH2,3.0,591.0
2025-11-20,SKU031,WH2,40.0,564.0
2025-04-07,SKU020,WH3,29.0,429.0
2025-09-23,SKU001,WH3,30.0,408.0
2024-10-07,SKU035,WH2,39.0,506.0
2024-01-13,SKU050,WH4,30.0,393.0
2024-10-22,SKU012,WH4,39.0,666.0
2025-08-08,SKU023,WH2,,707.0
2025-05-10,SKU003,WH2,15.0,271.0
2024-02-01,SKU048,WH1,77.0,971.0
2025-10-18,SKU038,WH3,72.0,353.0
2024-01-02,SKU030,WH1,33.0,919.0
2024-05-14,SKU008,WH1,21.0,770.0
2025-08-24,SKU023,WH4,,295.0
2025-11-27,SKU012,WH3,48.0,173.0
2025-07-17,SKU031,WH3,29.0,306.0
2024-01-15,SKU023,WH1,6.0,104.0
2024-12-24,SKU026,WH3,93.0,812.0
2025-02-05,SKU003,WH5,26.0,489.0
2025-02-14,SKU024,WH3,60.0,633.0
2024-02-28,SKU039,WH1,5.0,
2025-04-13,SKU013,WH2,33.0,175.0
2024-12-29,SKU050,WH3,47.0,346.0
2025-12-10,SKU030,WH2,39.0,604.0
2025-01-25,SKU045,WH3,87.0,976.0
2024-11-18,SKU023,WH1,99999.0,826.0
2024-11-01,SKU016,WH5,74.0,638.0
2025-06-05,SKU027,WH2,29.0,287.0
2024-10-25,SKU047,WH2,39.0,587.0
2024-10-14,SKU004,WH1,6.0,719.0
2025-09-25,SKU003,WH2,74.0,601.0
2024-03-26,SKU033,WH3,90.0,874.0
2024-02-11,SKU038,WH3,,249.0
2025-09-09,SKU041,WH1,45.0,914.0
2025-12-10,SKU004,WH1,95.0,511.0
2025-07-15,SKU008,WH2,31.0,932.0
2025-05-22,SKU038,WH1,45.0,244.0
2024-07-27,SKU005,WH4,31.0,715.0
2024-07-30,SKU040,WH2,53.0,665.0
2025-07-15,SKU044,WH5,20.0,930.0
2024-11-28,SKU031,WH1,75.0,192.0
2025-09-27,SKU019,WH3,69.0,181.0
2025-10-23,SKU001,WH1,25.0,230.0
2025-12-26,SKU023,WH3,8.0,427.0
2025-01-13,SKU019,WH3,31.0,169.0
2025-12-07,SKU018,WH2,30.0,456.0
2025-10-14,SKU043,WH2,59.0,384.0
2024-08-10,SKU033,WH4,31.0,930.0
2024-03-19,SKU026,WH2,53.0,136.0
2024-06-01,SKU033,WH5,,581.0
2024-01-27,SKU022,WH2,22.0,218.0
2024-04-21,SKU021,WH3,18.0,107.0
2025-03-14,SKU039,WH2,12.0,521.0
2025-10-23,SKU019,WH4,43.0,192.0
2025-07-09,SKU011,WH1,58.0,614.0
2024-11-13,SKU046,WH3,22.0,327.0
2025-01-15,SKU001,WH2,64.0,833.0
2025-08-04,SKU008,WH5,2.0,757.0
2024-02-26,SKU007,WH1,86.0,387.0
2025-01-29,SKU023,WH2,27.0,793.0
2025-03-21,SKU029,WH2,89.0,902.0
2024-09-07,SKU046,WH4,,772.0
2024-11-12,SKU035,WH4,68.0,965.0
2025-09-27,SKU030,WH3,95.0,313.0
2025-04-26,SKU043,WH1,46.0,179.0
2025-02-07,SKU031,WH2,1.0,729.0
2024-02-28,SKU015,WH2,87.0,373.0
2025-06-25,SKU002,WH3,68.0,422.0
2024-10-27,SKU021,WH1,88.0,925.0
2024-03-08,SKU024,WH5,52.0,853.0
2025-03-05,SKU047,WH5,91.0,590.0
2024-04-02,SKU043,WH2,77.0,770.0
2025-07-04,SKU049,WH4,61.0,688.0
2024-06-12,SKU045,WH1,70.0,649.0
2025-10-24,SKU022,WH4,67.0,401.0
2025-01-17,SKU010,WH2,25.0,551.0
2025-10-31,SKU013,WH2,4.0,132.0
2024-01-12,SKU021,WH1,89.0,
2024-06-21,SKU001,WH2,81.0,567.0
2024-08-17,SKU047,WH1,73.0,795.0
2024-04-26,SKU038,WH4,53.0,185.0
2024-04-28,SKU002,WH2,9.0,883.0
2024-05-13,SKU008,WH1,100.0,602.0
2025-01-05,SKU015,WH2,4.0,810.0
2025-01-03,SKU014,WH5,99.0,825.0
2024-06-05,SKU024,WH5,66.0,720.0
2024-11-17,SKU002,WH5,41.0,
2025-12-08,SKU006,WH4,65.0,918.0
2024-12-21,SKU040,WH3,91.0,526.0
2024-07-01,SKU014,WH3,13.0,990.0
2024-01-22,SKU034,WH2,51.0,
2024-12-11,SKU035,WH3,52.0,855.0
2024-02-17,SKU016,WH4,48.0,131.0
2024-05-19,SKU008,WH2,74.0,736.0
2025-06-19,SKU020,WH1,,203.0
2024-12-11,SKU007,WH2,20.0,568.0
2024-11-14,SKU026,WH4,35.0,764.0
2024-01-23,SKU025,WH3,6.0,717.0
2025-11-08,SKU013,WH1,54.0,375.0
2025-08-07,SKU006,WH3,45.0,387.0
2025-07-13,SKU049,WH4,94.0,900.0
2025-08-25,SKU023,WH2,29.0,997.0
2025-02-19,SKU037,WH1,48.0,449.0
2025-09-05,SKU011,WH1,27.0,900.0
2025-11-22,SKU048,WH1,20.0,854.0
2025-03-23,SKU014,WH2,31.0,610.0
2025-07-31,SKU042,WH2,18.0,772.0
2024-11-30,SKU046,WH3,88.0,472.0
2025-01-17,SKU001,WH2,24.0,538.0
2025-07-21,SKU025,WH1,56.0,385.0
2025-08-23,SKU019,WH2,85.0,585.0
2024-12-30,SKU035,WH3,31.0,626.0
2024-12-10,SKU046,WH5,86.0,955.0
2025-10-09,SKU020,WH2,,733.0
2025-12-24,SKU014,WH5,70.0,780.0
2024-05-28,SKU027,WH3,94.0,471.0
2025-07-03,SKU038,WH1,55.0,261.0
2025-08-27,SKU037,WH1,38.0,
2024-07-09,SKU037,WH2,98.0,494.0
2024-06-08,SKU018,WH3,10.0,740.0
2024-06-02,SKU013,WH2,96.0,564.0
2025-04-13,SKU019,WH5,100.0,964.0
2025-12-11,SKU028,WH5,44.0,633.0
2025-07-20,SKU050,WH1,29.0,533.0
2024-05-23,SKU028,WH3,80.0,119.0
2025-02-06,SKU040,WH1,44.0,602.0
2025-08-30,SKU018,WH1,8.0,844.0
2024-07-07,SKU032,WH1,6.0,566.0
2024-01-13,SKU002,WH1,95.0,567.0
2024-05-09,SKU010,WH3,65.0,617.0
2025-11-09,SKU017,WH1,32.0,700.0
2024-02-14,SKU013,WH5,50.0,380.0
2025-12-23,SKU037,WH2,35.0,380.0
2024-11-25,SKU044,WH3,37.0,611.0
2024-02-04,SKU039,WH2,47.0,569.0
2024-11-07,SKU019,WH2,37.0,958.0
2025-05-20,SKU031,WH3,19.0,397.0
2024-01-28,SKU031,WH3,61.0,738.0
2025-08-25,SKU012,WH2,59.0,420.0
2025-01-17,SKU026,WH5,80.0,294.0
2024-06-07,SKU011,WH2,79.0,123.0
2024-08-13,SKU012,WH1,10.0,106.0
2025-09-04,SKU020,WH4,86.0,264.0
2025-10-06,SKU010,WH4,56.0,986.0
2024-09-26,SKU041,WH3,6.0,860.0
2025-03-21,SKU040,WH5,63.0,393.0
2024-01-15,SKU022,WH1,92.0,147.0
2025-08-01,SKU049,WH1,39.0,798.0
2024-05-13,SKU027,WH5,94.0,469.0
2024-10-13,SKU023,WH3,83.0,
2025-05-03,SKU009,WH1,99999.0,438.0
2025-11-18,SKU033,WH2,37.0,686.0
2025-03-13,SKU010,WH2,39.0,819.0
2025-10-01,SKU014,WH2,28.0,156.0
2024-02-02,SKU042,WH3,35.0,932.0
2025-09-18,SKU006,WH1,78.0,556.0
2024-04-05,SKU013,WH2,42.0,364.0
2025-06-30,SKU012,WH3,25.0,989.0
2025-04-09,SKU036,WH1,25.0,905.0
2025-10-27,SKU005,WH4,16.0,453.0
2025-06-27,SKU044,WH1,85.0,457.0
2024-10-20,SKU044,WH5,43.0,743.0
2024-09-01,SKU022,WH5,55.0,922.0
2025-06-01,SKU018,WH3,81.0,973.0
2024-01-23,SKU041,WH3,21.0,677.0
2025-11-20,SKU043,WH5,26.0,301.0
2025-04-18,SKU039,WH4,84.0,238.0
2025-08-27,SKU040,WH5,8.0,337.0
2025-09-11,SKU016,WH5,11.0,456.0
2024-04-27,SKU045,WH1,,345.0
2025-04-02,SKU046,WH3,70.0,219.0
2024-06-19,SKU013,WH1,24.0,538.0
2025-02-14,SKU016,WH1,74.0,263.0
2024-09-25,SKU011,WH1,94.0,951.0
2024-10-01,SKU050,WH1,83.0,795.0
2025-12-02,SKU016,WH1,21.0,678.0
2024-07-01,SKU010,WH1,71.0,614.0
2025-01-28,SKU041,WH1,7.0,623.0
2024-02-24,SKU015,WH2,16.0,571.0
2024-04-25,SKU013,WH3,16.0,636.0
2024-12-18,SKU027,WH3,37.0,753.0
2024-08-24,SKU025,WH5,15.0,586.0
2024-03-11,SKU040,WH2,36.0,296.0
2024-07-19,SKU015,WH2,99999.0,406.0
2025-04-23,SKU026,WH2,39.0,189.0
2024-12-21,SKU036,WH3,49.0,643.0
2025-02-09,SKU010,WH3,11.0,588.0
2024-07-03,SKU024,WH3,12.0,268.0
2025-07-06,SKU014,WH3,83.0,277.0
2024-06-16,SKU018,WH3,39.0,709.0
2025-04-21,SKU007,WH5,85.0,216.0
2024-12-22,SKU005,WH1,3.0,947.0
2025-08-01,SKU003,WH3,39.0,305.0
2025-06-20,SKU018,WH2,92.0,977.0
2024-10-01,SKU049,WH2,68.0,422.0
2025-01-01,SKU020,WH2,21.0,264.0
2024-01-30,SKU047,WH4,92.0,138.0
2024-04-10,SKU016,WH1,10.0,
2025-09-20,SKU042,WH1,7.0,343.0
2025-07-08,SKU022,WH1,26.0,497.0
2024-09-13,SKU029,WH1,7.0,871.0
2024-12-10,SKU020,WH1,,688.0
2024-05-01,SKU041,WH1,42.0,
2025-01-09,SKU035,WH3,82.0,170.0
2025-02-17,SKU038,WH2,88.0,928.0
2024-04-20,SKU022,WH3,67.0,330.0
2024-04-04,SKU044,WH3,25.0,875.0
2025-05-23,SKU032,WH4,84.0,553.0
2024-11-02,SKU035,WH3,28.0,884.0
2025-07-11,SKU049,WH4,3.0,111.0
2025-06-29,SKU018,WH3,30.0,490.0
2025-04-01,SKU007,WH4,56.0,364.0
2025-03-21,SKU026,WH4,60.0,757.0
2025-08-28,SKU045,WH1,20.0,526.0
2024-01-14,SKU005,WH4,31.0,927.0
2024-01-26,SKU012,WH2,38.0,867.0
2024-09-21,SKU042,WH3,59.0,569.0
2024-09-20,SKU044,WH2,57.0,190.0
2024-10-17,SKU008,WH3,42.0,340.0
2024-09-21,SKU046,WH1,66.0,426.0
2024-12-12,SKU025,WH1,59.0,295.0
2025-12-24,SKU041,WH1,56.0,272.0
2024-11-26,SKU037,WH3,19.0,353.0
2025-01-04,SKU049,WH1,10.0,843.0
2025-01-12,SKU029,WH2,6.0,439.0
2025-07-31,SKU050,WH3,70.0,251.0
2025-06-13,SKU044,WH3,53.0,709.0
2024-10-03,SKU037,WH1,26.0,470.0
2025-06-27,SKU033,WH2,17.0,296.0
2025-04-08,SKU028,WH3,57.0,501.0
2024-06-26,SKU015,WH2,83.0,123.0
2025-03-19,SKU012,WH1,77.0,989.0
2025-03-04,SKU018,WH3,84.0,520.0
2025-04-04,SKU010,WH3,46.0,292.0
2025-04-18,SKU050,WH2,24.0,620.0
2024-11-01,SKU011,WH3,53.0,386.0
2024-04-29,SKU028,WH1,94.0,785.0
2024-04-30,SKU004,WH3,92.0,527.0
2025-08-02,SKU020,WH4,31.0,972.0
2024-05-13,SKU011,WH5,56.0,328.0
2024-07-25,SKU024,WH3,21.0,365.0
2025-12-07,SKU018,WH1,2.0,450.0
2025-08-13,SKU046,WH1,53.0,554.0
2025-11-15,SKU032,WH2,59.0,477.0
2024-08-08,SKU042,WH4,,456.0
2025-03-17,SKU002,WH1,91.0,500.0
2025-04-13,SKU035,WH3,76.0,981.0
2024-04-13,SKU010,WH2,54.0,297.0
2024-11-17,SKU010,WH4,74.0,470.0
2024-05-17,SKU029,WH3,50.0,422.0
2025-11-09,SKU049,WH1,16.0,
2025-11-06,SKU036,WH2,3.0,137.0
2025-07-16,SKU004,WH3,16.0,331.0
2025-09-26,SKU019,WH2,74.0,640.0
2024-07-01,SKU007,WH2,91.0,387.0
2024-11-15,SKU030,WH1,70.0,272.0
2024-03-23,SKU011,WH1,29.0,461.0
2025-09-16,SKU020,WH1,83.0,627.0
2024-09-11,SKU043,WH2,57.0,887.0
2024-05-01,SKU010,WH1,34.0,376.0
2025-07-15,SKU032,WH2,,853.0
2025-05-19,SKU012,WH1,42.0,622.0
2024-11-08,SKU050,WH3,43.0,942.0
2024-08-16,SKU004,WH1,7.0,326.0
2024-07-23,SKU046,WH2,4.0,731.0
2025-03-06,SKU040,WH3,41.0,194.0
2025-04-30,SKU002,WH1,35.0,664.0
2024-09-23,SKU014,WH2,51.0,704.0
2025-09-23,SKU050,WH3,36.0,948.0
2025-04-22,SKU008,WH1,24.0,
2024-02-14,SKU014,WH1,88.0,459.0
2024-11-04,SKU010,WH5,73.0,541.0
2024-08-09,SKU046,WH2,73.0,111.0
2025-11-25,SKU006,WH5,39.0,496.0
2025-05-26,SKU017,WH3,80.0,717.0
2025-05-24,SKU048,WH3,5.0,851.0
2025-07-26,SKU036,WH2,5.0,238.0
2024-02-04,SKU043,WH2,84.0,653.0
2025-05-04,SKU039,WH4,35.0,826.0
2024-12-27,SKU006,WH1,71.0,203.0
2025-08-12,SKU025,WH1,93.0,267.0
2025-08-09,SKU032,WH1,52.0,301.0
2024-08-31,SKU034,WH1,22.0,811.0
2025-08-03,SKU048,WH4,14.0,988.0
2024-09-06,SKU039,WH3,96.0,
2025-10-12,SKU017,WH4,38.0,858.0
2025-07-02,SKU047,WH2,21.0,180.0
2024-10-26,SKU029,WH2,87.0,328.0
2024-08-13,SKU014,WH1,78.0,496.0
2024-06-02,SKU024,WH4,67.0,741.0
2025-08-31,SKU008,WH3,79.0,665.0
2025-02-05,SKU036,WH2,57.0,517.0
2025-04-26,SKU022,WH5,60.0,550.0
2024-10-28,SKU029,WH2,35.0,482.0
2024-03-16,SKU043,WH1,12.0,705.0
2025-09-11,SKU009,WH3,72.0,560.0
2024-06-11,SKU005,WH1,34.0,792.0
2024-10-21,SKU013,WH4,41.0,
2024-12-11,SKU009,WH1,21.0,732.0
2024-08-19,SKU022,WH1,18.0,234.0
2024-07-11,SKU019,WH2,32.0,841.0
2024-06-12,SKU031,WH3,77.0,866.0
2025-05-21,SKU033,WH2,78.0,246.0
2025-05-15,SKU014,WH4,12.0,429.0
2025-08-10,SKU044,WH5,95.0,255.0
2025-06-12,SKU017,WH3,70.0,
2025-03-18,SKU041,WH2,46.0,783.0
2024-07-04,SKU034,WH2,71.0,
2024-08-17,SKU040,WH2,17.0,271.0
2025-08-05,SKU019,WH1,8.0,657.0
2025-10-24,SKU014,WH1,80.0,805.0
2024-04-14,SKU047,WH5,6.0,378.0
2025-06-08,SKU041,WH3,48.0,247.0
2025-07-27,SKU018,WH3,28.0,687.0
2024-05-27,SKU014,WH2,34.0,711.0
2024-07-29,SKU025,WH1,49.0,283.0
2024-01-08,SKU032,WH1,32.0,212.0
2025-12-23,SKU012,WH1,97.0,594.0
2025-02-08,SKU040,WH5,1.0,954.0
2025-09-26,SKU023,WH3,23.0,433.0
2025-12-05,SKU034,WH3,62.0,540.0
2025-06-08,SKU046,WH3,74.0,
2025-10-21,SKU049,WH3,27.0,186.0
2024-11-12,SKU025,WH2,67.0,136.0
2024-03-01,SKU035,WH1,36.0,796.0
2024-01-12,SKU015,WH1,33.0,998.0
2025-05-19,SKU008,WH4,53.0,426.0
2024-10-03,SKU049,WH2,13.0,851.0
2025-06-12,SKU034,WH2,63.0,918.0
2024-05-17,SKU037,WH3,97.0,635.0
2024-07-15,SKU031,WH1,38.0,
2025-04-21,SKU040,WH3,82.0,861.0
2025-04-14,SKU024,WH3,49.0,848.0
2024-02-19,SKU025,WH2,4.0,518.0
2024-11-11,SKU012,WH1,2.0,298.0
2025-03-14,SKU038,WH3,4.0,493.0
2024-05-27,SKU042,WH4,65.0,489.0
2025-03-03,SKU037,WH3,99.0,888.0
2024-03-23,SKU017,WH2,70.0,387.0
2024-05-08,SKU014,WH1,40.0,255.0
2025-06-05,SKU029,WH2,3.0,878.0
2025-10-29,SKU028,WH1,77.0,709.0
2025-02-23,SKU014,WH5,58.0,302.0
2025-10-01,SKU030,WH1,83.0,422.0
2024-04-11,SKU050,WH4,53.0,671.0
2025-01-09,SKU041,WH1,34.0,442.0
2024-02-12,SKU010,WH2,45.0,708.0
2024-11-16,SKU047,WH1,81.0,941.0
2025-01-08,SKU007,WH2,65.0,406.0
2025-04-08,SKU046,WH5,68.0,383.0
2024-12-16,SKU039,WH2,11.0,210.0
2025-12-02,SKU040,WH2,97.0,183.0
2025-11-27,SKU034,WH2,47.0,154.0
2024-01-21,SKU006,WH3,26.0,916.0
2024-06-09,SKU045,WH1,15.0,689.0
2024-05-05,SKU048,WH3,44.0,462.0
2024-12-29,SKU040,WH4,66.0,584.0
2024-08-04,SKU036,WH1,49.0,971.0
2025-09-03,SKU044,WH4,87.0,281.0
2025-02-26,SKU043,WH2,90.0,766.0
2025-07-02,SKU035,WH2,81.0,636.0
2024-01-17,SKU027,WH4,71.0,965.0
2025-05-11,SKU027,WH2,18.0,588.0
2025-08-14,SKU034,WH2,74.0,630.0
2024-07-24,SKU013,WH2,87.0,244.0
2025-11-03,SKU015,WH1,12.0,270.0
2024-04-07,SKU035,WH1,44.0,229.0
2024-04-12,SKU007,WH2,64.0,572.0
2025-03-17,SKU032,WH4,76.0,236.0
2024-02-20,SKU019,WH2,7.0,292.0
2024-03-05,SKU027,WH3,56.0,577.0
2024-04-07,SKU014,WH2,13.0,659.0
2025-11-29,SKU019,WH1,43.0,330.0
2025-06-15,SKU024,WH2,5.0,622.0
2024-09-11,SKU033,WH1,73.0,849.0
2025-12-30,SKU037,WH2,16.0,427.0
2024-10-15,SKU049,WH3,15.0,282.0
2024-03-30,SKU014,WH3,15.0,253.0
2024-10-17,SKU010,WH2,74.0,
2025-03-13,SKU016,WH1,99999.0,
2024-07-23,SKU033,WH1,100.0,427.0
2024-05-01,SKU002,WH3,42.0,812.0
2024-05-13,SKU050,WH3,46.0,650.0
2025-05-17,SKU036,WH4,24.0,541.0
2025-09-23,SKU050,WH5,95.0,601.0
2024-08-19,SKU042,WH2,9.0,164.0
2025-08-30,SKU035,WH2,,708.0
2025-04-27,SKU043,WH2,52.0,893.0
2024-06-09,SKU017,WH5,39.0,525.0
2024-03-06,SKU012,WH2,87.0,771.0
2024-03-20,SKU047,WH5,58.0,996.0
2025-05-05,SKU040,WH3,30.0,224.0
2024-05-01,SKU024,WH2,92.0,850.0
2025-10-16,SKU035,WH5,62.0,117.0
2024-05-09,SKU030,WH1,38.0,437.0
2024-07-29,SKU046,WH2,68.0,829.0
2024-06-04,SKU030,WH2,45.0,733.0
2025-03-20,SKU008,WH1,14.0,791.0
2025-01-09,SKU029,WH1,55.0,877.0
2024-03-03,SKU047,WH4,21.0,260.0
2025-11-08,SKU036,WH1,18.0,835.0
2024-01-26,SKU030,WH2,41.0,719.0
2025-06-30,SKU023,WH1,97.0,760.0
2024-01-23,SKU014,WH2,65.0,695.0
2025-07-04,SKU003,WH1,61.0,618.0
2025-06-20,SKU013,WH3,5.0,588.0
2024-11-28,SKU003,WH2,63.0,942.0
2025-02-08,SKU017,WH3,1.0,855.0
2025-05-24,SKU047,WH2,83.0,806.0
2024-07-15,SKU023,WH2,38.0,884.0
2024-02-22,SKU043,WH2,50.0,243.0
2024-09-21,SKU041,WH1,46.0,445.0
2024-06-18,SKU009,WH3,44.0,810.0
2024-01-11,SKU036,WH2,68.0,104.0
2025-11-09,SKU038,WH2,37.0,568.0
2025-09-05,SKU040,WH3,70.0,255.0
2024-10-18,SKU014,WH1,62.0,324.0
2024-09-16,SKU042,WH5,54.0,892.0
2025-08-10,SKU044,WH3,24.0,452.0
2025-12-20,SKU031,WH2,23.0,310.0
2025-02-13,SKU005,WH4,11.0,651.0
2024-06-21,SKU001,WH5,12.0,189.0
2024-07-13,SKU011,WH5,6.0,482.0
2024-07-13,SKU026,WH5,91.0,323.0
2025-03-19,SKU001,WH2,27.0,413.0
2024-11-02,SKU043,WH3,72.0,868.0
2024-03-27,SKU044,WH1,79.0,307.0
2024-11-10,SKU005,WH2,29.0,284.0
2025-12-04,SKU038,WH1,44.0,299.0
2024-07-06,SKU009,WH2,28.0,108.0
2024-02-23,SKU010,WH3,38.0,269.0
2025-11-02,SKU018,WH4,13.0,936.0
2024-12-03,SKU004,WH2,99999.0,755.0
2025-06-05,SKU040,WH3,72.0,290.0
2024-10-13,SKU037,WH3,,775.0
2025-06-27,SKU021,WH3,70.0,974.0
2025-04-24,SKU014,WH4,44.0,377.0
2025-12-07,SKU040,WH4,33.0,792.0
2024-08-03,SKU026,WH2,93.0,967.0
2024-04-09,SKU033,WH3,59.0,
2025-07-05,SKU014,WH5,75.0,985.0
2024-01-17,SKU013,WH2,25.0,139.0
2024-09-03,SKU024,WH3,35.0,435.0
2025-03-20,SKU032,WH3,88.0,117.0
2024-11-30,SKU045,WH2,53.0,753.0
2025-01-23,SKU017,WH1,74.0,121.0
2024-04-28,SKU041,WH1,92.0,483.0
2024-10-25,SKU002,WH1,61.0,730.0
2024-11-27,SKU039,WH3,85.0,551.0
2024-11-16,SKU012,WH2,10.0,191.0
2025-04-19,SKU043,WH2,99.0,135.0
2025-10-03,SKU045,WH3,75.0,133.0
2024-07-30,SKU041,WH2,35.0,395.0
2024-07-14,SKU035,WH2,7.0,350.0
2024-10-17,SKU033,WH2,93.0,252.0
2025-08-30,SKU007,WH2,38.0,993.0
2025-05-15,SKU013,WH4,28.0,958.0
2024-12-16,SKU001,WH2,33.0,901.0
2024-04-20,SKU048,WH3,85.0,617.0
2025-02-24,SKU019,WH2,84.0,892.0
2025-02-09,SKU036,WH4,97.0,112.0
2024-03-21,SKU006,WH3,85.0,459.0
2024-02-13,SKU044,WH1,93.0,688.0
2024-02-17,SKU018,WH2,7.0,937.0
2025-12-04,SKU047,WH2,4.0,728.0
2025-09-28,SKU006,WH5,77.0,750.0
2024-03-16,SKU003,WH2,99999.0,362.0
2024-05-10,SKU019,WH3,66.0,433.0
2025-07-16,SKU042,WH4,55.0,946.0
2025-01-03,SKU042,WH3,52.0,829.0
2025-08-11,SKU047,WH2,16.0,801.0
2025-09-29,SKU005,WH3,6.0,663.0
2024-05-30,SKU043,WH2,80.0,562.0
2024-05-20,SKU049,WH2,84.0,354.0
2024-12-02,SKU010,WH2,83.0,550.0
2025-02-15,SKU042,WH5,88.0,744.0
2024-02-24,SKU008,WH3,74.0,819.0
2025-08-10,SKU045,WH1,51.0,273.0
2024-10-12,SKU028,WH1,21.0,913.0
2024-03-18,SKU029,WH2,69.0,750.0
2024-03-31,SKU023,WH1,26.0,471.0
2025-05-01,SKU014,WH1,53.0,528.0
2024-01-24,SKU046,WH3,88.0,257.0
2025-05-08,SKU010,WH2,15.0,241.0
2025-04-27,SKU049,WH3,42.0,233.0
2025-08-12,SKU027,WH1,37.0,859.0
2024-02-25,SKU015,WH4,11.0,432.0
2024-10-15,SKU032,WH3,92.0,707.0
2025-05-08,SKU029,WH2,83.0,272.0
2025-07-13,SKU001,WH2,34.0,411.0
2025-06-03,SKU010,WH2,37.0,819.0
2025-12-17,SKU016,WH3,28.0,117.0
2024-03-07,SKU016,WH1,17.0,900.0
2024-07-17,SKU006,WH1,50.0,988.0
2025-10-27,SKU001,WH1,75.0,748.0
2024-03-19,SKU011,WH1,71.0,282.0
2025-01-24,SKU036,WH3,77.0,365.0
2025-07-02,SKU032,WH2,74.0,291.0
2025-10-18,SKU031,WH1,50.0,818.0
2025-01-23,SKU050,WH4,,843.0
2025-07-20,SKU037,WH4,41.0,164.0
2024-02-27,SKU009,WH3,20.0,107.0
2024-07-02,SKU036,WH2,14.0,105.0
2025-05-02,SKU017,WH3,21.0,
2024-03-04,SKU011,WH5,18.0,998.0
2024-01-31,SKU034,WH4,3.0,658.0
2025-02-06,SKU030,WH2,4.0,487.0
2024-04-15,SKU013,WH2,25.0,962.0
2025-05-27,SKU003,WH3,66.0,565.0
2024-02-25,SKU022,WH4,21.0,295.0
2025-09-15,SKU007,WH3,86.0,991.0
2025-08-08,SKU017,WH2,38.0,366.0
2024-05-12,SKU029,WH5,51.0,873.0
2025-07-07,SKU022,WH5,72.0,638.0
2024-05-23,SKU007,WH2,84.0,116.0
2025-06-17,SKU017,WH2,14.0,722.0
2024-12-25,SKU048,WH3,50.0,412.0
2025-01-03,SKU006,WH1,40.0,275.0
2024-04-26,SKU022,WH2,1.0,726.0
2024-06-02,SKU005,WH2,2.0,864.0
2025-04-29,SKU043,WH2,87.0,163.0
2024-08-02,SKU002,WH2,49.0,950.0
2024-11-08,SKU007,WH2,99.0,251.0
2025-07-22,SKU006,WH1,78.0,212.0
2025-01-07,SKU017,WH2,32.0,898.0
2024-01-04,SKU006,WH2,73.0,578.0
2025-07-13,SKU026,WH2,72.0,133.0
2025-08-17,SKU024,WH1,10.0,407.0
2025-10-20,SKU048,WH1,72.0,477.0
2024-04-25,SKU049,WH4,76.0,580.0
2025-05-13,SKU036,WH1,43.0,211.0
2025-03-31,SKU037,WH1,32.0,957.0
2024-06-06,SKU042,WH1,64.0,143.0
2025-12-08,SKU030,WH5,80.0,603.0
2024-03-16,SKU040,WH1,50.0,
2025-06-11,SKU023,WH3,46.0,765.0
2024-09-07,SKU023,WH3,91.0,729.0
2025-03-21,SKU029,WH2,,469.0
2024-12-22,SKU004,WH1,38.0,131.0
2025-08-13,SKU015,WH1,64.0,967.0
2025-10-03,SKU026,WH5,15.0,962.0
2024-05-01,SKU016,WH4,20.0,963.0
2024-11-01,SKU031,WH1,36.0,
2024-07-08,SKU025,WH3,94.0,951.0
2025-04-10,SKU030,WH3,30.0,115.0
2025-12-27,SKU001,WH2,88.0,430.0
2024-01-23,SKU018,WH3,80.0,455.0
2025-06-22,SKU010,WH2,63.0,164.0
2024-06-29,SKU015,WH3,,908.0
2024-08-18,SKU029,WH1,99.0,126.0
2025-05-22,SKU027,WH5,35.0,103.0
2025-04-12,SKU043,WH3,16.0,638.0
2024-01-18,SKU005,WH4,10.0,870.0
2025-04-10,SKU002,WH1,61.0,244.0
2025-01-26,SKU010,WH1,18.0,707.0
2024-03-13,SKU012,WH2,36.0,956.0
2025-02-13,SKU019,WH1,31.0,482.0
2025-06-05,SKU031,WH5,34.0,588.0
2025-03-04,SKU012,WH1,99999.0,499.0
2025-06-18,SKU049,WH3,2.0,789.0
2024-06-14,SKU005,WH3,96.0,327.0
2025-06-24,SKU013,WH3,73.0,426.0
2024-01-05,SKU008,WH3,44.0,453.0
2024-09-22,SKU027,WH5,38.0,649.0
2025-06-29,SKU023,WH4,78.0,255.0
2025-08-22,SKU046,WH1,44.0,133.0
2025-05-19,SKU009,WH2,27.0,519.0
2025-03-28,SKU023,WH1,18.0,701.0
2024-10-25,SKU044,WH1,66.0,117.0
2024-09-12,SKU010,WH1,56.0,819.0
2025-02-14,SKU006,WH1,34.0,895.0
2024-11-04,SKU005,WH2,44.0,731.0
2025-08-28,SKU050,WH1,26.0,656.0
2024-01-26,SKU026,WH3,71.0,901.0
2024-08-07,SKU003,WH2,51.0,434.0
2024-11-07,SKU014,WH2,22.0,769.0
2024-07-17,SKU021,WH2,71.0,366.0
2025-01-21,SKU036,WH2,26.0,152.0
2025-06-14,SKU016,WH5,67.0,915.0
2025-08-06,SKU042,WH3,72.0,567.0
2024-05-26,SKU042,WH2,68.0,973.0
2024-11-03,SKU018,WH3,73.0,535.0
2024-06-27,SKU040,WH3,32.0,255.0
2025-03-15,SKU011,WH3,10.0,846.0
2025-12-15,SKU008,WH3,87.0,375.0
2025-03-10,SKU040,WH5,66.0,529.0
2025-08-21,SKU048,WH3,29.0,
2025-01-26,SKU038,WH2,47.0,427.0
2024-04-21,SKU023,WH3,71.0,104.0
2024-01-02,SKU041,WH3,37.0,857.0
2025-06-03,SKU033,WH4,3.0,819.0
2025-03-24,SKU038,WH4,72.0,356.0
2024-11-08,SKU001,WH2,6.0,544.0
2025-01-04,SKU015,WH3,79.0,231.0
2024-10-09,SKU002,WH2,3.0,144.0
2024-04-02,SKU041,WH2,19.0,235.0
2025-02-20,SKU044,WH1,82.0,823.0
2025-03-17,SKU002,WH3,4.0,598.0
2025-06-08,SKU006,WH1,6.0,590.0
2024-05-12,SKU044,WH2,66.0,755.0
2024-06-06,SKU023,WH3,47.0,569.0
2024-09-13,SKU039,WH2,30.0,404.0
2024-06-25,SKU008,WH5,27.0,994.0
2024-10-02,SKU043,WH4,97.0,
2024-04-23,SKU037,WH3,15.0,478.0
2025-08-22,SKU034,WH5,31.0,557.0
2024-11-05,SKU034,WH3,5.0,753.0
2024-12-13,SKU046,WH1,9.0,480.0
2024-01-04,SKU036,WH1,59.0,784.0
2025-01-20,SKU049,WH2,5.0,860.0
2025-08-01,SKU027,WH3,40.0,856.0
2025-03-10,SKU002,WH4,41.0,666.0
2025-05-21,SKU013,WH5,87.0,523.0
2025-07-20,SKU030,WH3,22.0,152.0
2024-05-08,SKU037,WH5,39.0,876.0
2024-08-01,SKU041,WH1,51.0,206.0
2025-07-29,SKU038,WH1,82.0,586.0
2024-08-15,SKU015,WH1,52.0,430.0
2024-12-16,SKU024,WH3,35.0,749.0
2025-01-04,SKU004,WH2,40.0,481.0
2025-03-20,SKU023,WH1,65.0,685.0
2025-05-03,SKU028,WH1,11.0,592.0
2025-04-29,SKU045,WH5,17.0,919.0
2024-11-11,SKU020,WH4,43.0,942.0
2025-07-09,SKU005,WH1,85.0,879.0
2024-05-12,SKU007,WH2,80.0,
2024-08-23,SKU012,WH3,49.0,388.0
2024-09-08,SKU031,WH3,35.0,504.0
2025-02-09,SKU032,WH1,71.0,388.0
2024-11-30,SKU034,WH2,32.0,126.0
2024-01-30,SKU009,WH3,88.0,400.0
2024-12-05,SKU014,WH3,,425.0
2024-02-22,SKU033,WH3,80.0,607.0
2025-10-30,SKU035,WH2,70.0,109.0
2025-06-06,SKU045,WH4,71.0,117.0
2025-09-21,SKU017,WH2,51.0,723.0
2025-08-09,SKU043,WH2,40.0,609.0
2025-08-24,SKU024,WH1,85.0,952.0
2025-11-26,SKU021,WH2,96.0,734.0
2025-05-12,SKU009,WH3,16.0,924.0
2025-01-11,SKU026,WH3,5.0,235.0
2025-10-09,SKU010,WH1,14.0,411.0
2025-08-12,SKU030,WH3,16.0,317.0
2025-03-17,SKU043,WH1,13.0,
2024-03-15,SKU010,WH3,11.0,819.0
2024-11-05,SKU019,WH1,83.0,239.0
2025-02-23,SKU040,WH1,86.0,372.0
2024-10-31,SKU016,WH3,95.0,212.0
2025-11-28,SKU048,WH2,75.0,862.0
2024-12-14,SKU024,WH5,69.0,316.0
2025-04-23,SKU002,WH2,,563.0
2025-07-05,SKU050,WH3,24.0,568.0
2025-07-04,SKU023,WH1,53.0,757.0
2024-03-22,SKU024,WH3,100.0,122.0
2025-03-01,SKU046,WH2,39.0,731.0
2025-01-14,SKU046,WH2,71.0,952.0
2025-06-02,SKU028,WH1,89.0,658.0
2025-07-04,SKU027,WH1,31.0,865.0
2025-06-06,SKU007,WH3,41.0,956.0
2025-10-15,SKU019,WH4,52.0,756.0
2024-12-27,SKU035,WH1,58.0,872.0
2025-11-17,SKU037,WH3,25.0,687.0
2024-05-30,SKU011,WH3,96.0,476.0
2024-12-19,SKU035,WH1,5.0,409.0
2025-03-05,SKU031,WH1,88.0,803.0
2024-09-07,SKU011,WH1,69.0,297.0
2025-01-18,SKU037,WH5,79.0,486.0
2024-03-23,SKU025,WH1,72.0,703.0
2024-02-22,SKU048,WH3,19.0,760.0
2024-12-20,SKU001,WH4,34.0,807.0
2025-09-02,SKU047,WH3,81.0,501.0
2024-02-14,SKU027,WH1,72.0,344.0
2024-09-15,SKU044,WH1,77.0,105.0
2024-04-16,SKU027,WH1,71.0,551.0
2025-11-12,SKU049,WH4,99.0,738.0
2025-05-17,SKU035,WH1,35.0,430.0
2025-08-13,SKU040,WH1,92.0,762.0
2025-09-23,SKU022,WH2,83.0,409.0
2025-03-28,SKU039,WH2,75.0,956.0
2024-03-12,SKU046,WH2,4.0,147.0
2024-04-02,SKU041,WH2,43.0,168.0
2025-08-14,SKU008,WH2,24.0,522.0
2024-02-11,SKU002,WH5,47.0,502.0
2024-02-19,SKU029,WH5,37.0,919.0
2024-03-01,SKU010,WH2,69.0,371.0
2024-05-12,SKU048,WH3,94.0,
2025-11-11,SKU034,WH2,48.0,667.0
2025-09-12,SKU049,WH1,63.0,737.0
2024-07-08,SKU027,WH5,52.0,365.0
2025-01-22,SKU002,WH3,21.0,371.0
2025-04-16,SKU027,WH3,76.0,211.0
2024-02-04,SKU038,WH4,5.0,809.0
2025-01-27,SKU036,WH3,85.0,418.0
2025-11-17,SKU050,WH4,87.0,576.0
2024-05-14,SKU033,WH2,52.0,718.0
2024-01-18,SKU044,WH2,22.0,659.0
2024-03-20,SKU046,WH3,38.0,346.0
2024-04-13,SKU005,WH1,56.0,194.0
2025-03-13,SKU049,WH4,20.0,511.0
2024-12-22,SKU023,WH3,62.0,124.0
2025-08-30,SKU002,WH4,4.0,547.0
2024-04-09,SKU043,WH4,32.0,702.0
2025-10-15,SKU041,WH1,31.0,920.0
2025-08-08,SKU041,WH1,74.0,469.0
2025-11-20,SKU029,WH3,85.0,646.0
2024-01-01,SKU042,WH3,54.0,718.0
2024-04-24,SKU018,WH2,91.0,678.0
2025-06-21,SKU029,WH4,54.0,605.0
2025-08-30,SKU039,WH1,54.0,105.0
2024-11-24,SKU032,WH1,8.0,359.0
2024-08-27,SKU040,WH1,18.0,172.0
2025-02-09,SKU038,WH3,99.0,868.0
2024-08-21,SKU030,WH4,31.0,992.0
2025-10-01,SKU034,WH3,35.0,608.0
2024-06-16,SKU018,WH3,61.0,800.0
2024-08-11,SKU036,WH1,29.0,393.0
2024-05-27,SKU026,WH3,96.0,917.0
2025-09-27,SKU016,WH3,92.0,970.0
2025-05-16,SKU034,WH1,83.0,447.0
2024-12-19,SKU001,WH3,14.0,231.0
2025-02-27,SKU004,WH2,8.0,921.0
2025-09-29,SKU043,WH2,20.0,524.0
2025-04-13,SKU011,WH1,11.0,438.0
2025-11-24,SKU002,WH1,5.0,116.0
2025-01-20,SKU039,WH3,62.0,243.0
2024-12-05,SKU036,WH1,82.0,623.0
2024-05-25,SKU012,WH5,40.0,550.0
2025-11-01,SKU013,WH2,66.0,323.0
2025-04-26,SKU006,WH3,58.0,815.0
2025-01-13,SKU016,WH1,43.0,156.0
2025-12-29,SKU011,WH1,80.0,441.0
2025-06-12,SKU005,WH1,75.0,939.0
2025-12-29,SKU034,WH2,39.0,810.0
2025-08-13,SKU020,WH1,12.0,665.0
2025-11-23,SKU009,WH5,95.0,804.0
2025-04-27,SKU006,WH4,27.0,741.0
2025-11-21,SKU026,WH1,38.0,593.0
2025-08-25,SKU014,WH5,42.0,184.0
2024-08-19,SKU032,WH5,48.0,295.0
2025-06-30,SKU044,WH5,9.0,133.0
2025-11-28,SKU012,WH1,45.0,885.0
2024-04-12,SKU013,WH2,16.0,660.0
2024-10-08,SKU039,WH3,83.0,482.0
2025-08-19,SKU029,WH3,56.0,187.0
2025-09-17,SKU045,WH3,22.0,759.0
2024-11-24,SKU048,WH3,97.0,760.0
2024-11-14,SKU046,WH5,29.0,377.0
2024-05-23,SKU013,WH3,96.0,115.0
2024-03-02,SKU049,WH1,94.0,766.0
2025-02-11,SKU043,WH3,7.0,548.0
2024-01-26,SKU017,WH1,5.0,644.0
2025-01-26,SKU045,WH3,68.0,706.0
2024-11-16,SKU030,WH1,55.0,625.0
2025-07-03,SKU021,WH1,8.0,736.0
2024-08-03,SKU030,WH3,29.0,604.0
2024-09-27,SKU023,WH1,22.0,974.0
2024-02-10,SKU040,WH2,68.0,858.0
2024-09-27,SKU011,WH3,38.0,648.0
2025-03-01,SKU031,WH1,27.0,303.0
2024-03-16,SKU033,WH2,51.0,128.0
2025-12-19,SKU045,WH3,46.0,982.0
2025-01-14,SKU008,WH1,23.0,720.0
2025-03-06,SKU006,WH3,35.0,471.0
2024-11-03,SKU020,WH2,28.0,125.0
2024-03-25,SKU008,WH1,94.0,835.0
2025-10-05,SKU013,WH1,5.0,
2024-02-28,SKU050,WH2,85.0,582.0
2025-06-28,SKU039,WH1,50.0,572.0
2024-11-03,SKU002,WH1,18.0,766.0
2024-06-02,SKU046,WH4,46.0,985.0
2024-06-07,SKU033,WH3,39.0,836.0
2024-04-01,SKU036,WH2,8.0,531.0
2024-08-30,SKU040,WH2,40.0,233.0
2024-05-26,SKU020,WH3,51.0,399.0
2025-07-28,SKU041,WH1,74.0,556.0
2024-08-24,SKU041,WH3,36.0,943.0
2024-10-14,SKU003,WH4,54.0,
2025-09-05,SKU042,WH2,44.0,718.0
2024-10-26,SKU036,WH1,94.0,907.0
2024-04-21,SKU050,WH3,83.0,939.0
2025-02-21,SKU032,WH4,16.0,510.0
2025-04-14,SKU023,WH4,22.0,501.0
2024-08-04,SKU026,WH3,45.0,310.0
2025-03-03,SKU043,WH5,53.0,167.0
2025-11-07,SKU015,WH4,56.0,249.0
2024-01-07,SKU038,WH3,34.0,604.0
2024-09-07,SKU002,WH2,95.0,967.0
2024-06-18,SKU018,WH1,46.0,457.0
2024-02-15,SKU048,WH5,88.0,768.0
2024-01-17,SKU027,WH1,57.0,264.0
2024-08-30,SKU044,WH3,37.0,486.0
2024-03-22,SKU035,WH1,62.0,471.0
2024-09-19,SKU042,WH2,84.0,372.0
2024-05-13,SKU041,WH2,98.0,134.0
2024-02-23,SKU001,WH5,93.0,471.0
2025-05-25,SKU015,WH2,41.0,864.0
2025-07-20,SKU018,WH3,60.0,644.0
2025-02-11,SKU050,WH1,65.0,280.0
2024-05-09,SKU044,WH1,35.0,370.0
2025-05-26,SKU034,WH3,67.0,236.0
2024-09-10,SKU030,WH2,9.0,922.0
2024-05-16,SKU025,WH5,75.0,750.0
2024-05-09,SKU034,WH2,58.0,386.0
2024-08-26,SKU025,WH2,73.0,941.0
2025-06-23,SKU033,WH2,41.0,777.0
2024-12-09,SKU014,WH3,68.0,
2025-08-11,SKU043,WH2,90.0,753.0
2024-02-15,SKU015,WH5,,907.0
2024-11-26,SKU001,WH1,89.0,
2024-06-28,SKU048,WH2,35.0,845.0
2025-11-23,SKU050,WH3,9.0,567.0
2025-11-26,SKU024,WH2,96.0,462.0
2024-05-14,SKU022,WH3,33.0,503.0
2024-08-03,SKU014,WH4,61.0,537.0
2024-06-27,SKU045,WH2,71.0,120.0
2024-06-27,SKU032,WH3,12.0,
2024-06-26,SKU002,WH3,19.0,895.0
2025-02-20,SKU041,WH1,30.0,246.0
2024-12-21,SKU004,WH1,5.0,642.0
2025-12-21,SKU043,WH3,39.0,666.0
2025-03-30,SKU019,WH1,38.0,941.0
2025-03-16,SKU020,WH1,12.0,300.0
2025-12-03,SKU040,WH3,33.0,580.0
2024-08-03,SKU003,WH5,58.0,135.0
2025-08-09,SKU050,WH1,11.0,630.0
2025-07-30,SKU048,WH2,14.0,756.0
2025-05-25,SKU036,WH2,8.0,154.0
2024-03-27,SKU030,WH2,12.0,562.0
2024-05-12,SKU036,WH1,11.0,669.0
2025-06-10,SKU011,WH5,55.0,358.0
2025-02-28,SKU020,WH5,20.0,192.0
2025-01-23,SKU045,WH4,70.0,719.0
2024-09-30,SKU010,WH1,27.0,753.0
2025-09-18,SKU020,WH1,30.0,295.0
2024-08-08,SKU011,WH1,28.0,633.0
2025-04-17,SKU001,WH2,,265.0
2025-10-02,SKU006,WH2,3.0,932.0
2025-12-13,SKU018,WH4,,756.0
2024-09-16,SKU012,WH2,15.0,537.0
2024-02-02,SKU012,WH3,11.0,101.0
2025-07-11,SKU050,WH1,70.0,167.0
2025-12-19,SKU048,WH3,31.0,440.0
2025-10-29,SKU040,WH3,24.0,352.0
2025-08-13,SKU036,WH3,81.0,925.0
2024-02-10,SKU016,WH2,27.0,123.0
2025-06-29,SKU039,WH4,,556.0
2024-11-30,SKU049,WH2,72.0,289.0
2025-10-04,SKU027,WH2,75.0,978.0
2025-05-25,SKU009,WH1,4.0,819.0
2025-12-05,SKU048,WH3,90.0,772.0
2024-08-04,SKU011,WH3,42.0,1000.0
2024-06-18,SKU038,WH3,78.0,567.0
2024-10-26,SKU032,WH5,5.0,494.0
2024-11-01,SKU028,WH3,91.0,720.0
2025-09-10,SKU048,WH1,20.0,308.0
2025-07-10,SKU046,WH2,68.0,568.0
2025-10-30,SKU029,WH2,24.0,380.0
2024-10-01,SKU043,WH2,92.0,931.0
2025-05-13,SKU008,WH3,88.0,499.0
2024-11-27,SKU026,WH1,82.0,262.0
2024-11-24,SKU017,WH3,13.0,834.0
2025-10-16,SKU035,WH1,43.0,611.0
2024-07-23,SKU003,WH1,31.0,507.0
2024-08-05,SKU043,WH2,52.0,886.0
2024-09-19,SKU022,WH3,87.0,963.0
2024-06-01,SKU008,WH1,58.0,965.0
2025-01-22,SKU022,WH2,41.0,605.0
2025-05-30,SKU020,WH3,77.0,607.0
2024-12-08,SKU021,WH1,29.0,768.0
2024-02-13,SKU010,WH3,22.0,484.0
2024-03-31,SKU013,WH3,99999.0,998.0
2025-06-25,SKU005,WH5,1.0,920.0
2024-04-01,SKU050,WH2,59.0,513.0
2024-03-14,SKU005,WH2,79.0,310.0
2024-03-21,SKU002,WH1,63.0,470.0
2024-09-18,SKU005,WH3,4.0,103.0
2025-03-26,SKU049,WH1,98.0,700.0
2024-11-24,SKU007,WH3,86.0,353.0
2025-11-17,SKU029,WH2,80.0,132.0
2025-02-10,SKU031,WH1,94.0,368.0
2024-07-29,SKU047,WH3,30.0,131.0
2025-10-13,SKU030,WH2,,281.0
2024-04-24,SKU046,WH4,49.0,596.0
2025-04-27,SKU039,WH1,71.0,433.0
2025-09-22,SKU025,WH2,98.0,484.0
2024-11-28,SKU016,WH2,64.0,886.0
2024-11-18,SKU024,WH5,67.0,621.0
2024-09-04,SKU029,WH5,17.0,686.0
2025-06-18,SKU026,WH1,91.0,420.0
2024-09-03,SKU018,WH2,53.0,470.0
2025-08-22,SKU034,WH1,76.0,324.0
2025-05-26,SKU049,WH2,,207.0
2024-09-28,SKU025,WH5,33.0,239.0
2024-01-04,SKU018,WH2,33.0,529.0
2024-08-17,SKU030,WH2,68.0,464.0
2025-06-23,SKU019,WH3,80.0,131.0
2024-01-15,SKU049,WH1,28.0,132.0
2025-07-30,SKU039,WH1,67.0,779.0
2024-08-13,SKU010,WH1,17.0,276.0
2024-11-16,SKU016,WH3,10.0,427.0
2024-09-28,SKU019,WH3,42.0,213.0
2025-03-22,SKU003,WH2,58.0,212.0
2024-11-07,SKU020,WH3,92.0,276.0
2025-02-03,SKU013,WH3,51.0,807.0
2025-04-07,SKU036,WH3,86.0,921.0
2024-08-29,SKU005,WH1,47.0,567.0
2025-04-14,SKU026,WH1,16.0,358.0
2024-12-11,SKU024,WH1,68.0,461.0
2025-07-15,SKU018,WH2,4.0,853.0
2025-12-17,SKU026,WH1,19.0,251.0
2024-05-03,SKU013,WH5,56.0,
2025-03-19,SKU033,WH1,82.0,819.0
2024-04-17,SKU002,WH2,17.0,173.0
2025-06-07,SKU037,WH3,13.0,102.0
2025-05-24,SKU011,WH1,49.0,722.0
2024-09-26,SKU043,WH1,68.0,628.0
2025-09-17,SKU015,WH3,67.0,403.0
2025-12-18,SKU010,WH1,94.0,120.0
2025-10-09,SKU044,WH1,64.0,966.0
2024-08-01,SKU001,WH3,22.0,117.0
2024-07-02,SKU010,WH2,19.0,892.0
2025-11-02,SKU018,WH2,8.0,505.0
2024-04-23,SKU012,WH1,37.0,954.0
2024-04-13,SKU014,WH1,38.0,561.0
2025-01-20,SKU014,WH4,93.0,252.0
2024-04-10,SKU017,WH3,4.0,766.0
2024-10-07,SKU024,WH5,74.0,583.0
2024-03-06,SKU044,WH2,64.0,956.0
2025-01-28,SKU016,WH3,27.0,141.0
2024-12-23,SKU004,WH2,2.0,893.0
2025-07-10,SKU027,WH1,40.0,886.0
2024-05-01,SKU024,WH1,85.0,583.0
2025-11-28,SKU047,WH4,8.0,239.0
2024-11-21,SKU021,WH2,77.0,120.0
2025-02-09,SKU033,WH1,99.0,163.0
2025-10-06,SKU036,WH1,93.0,484.0
2024-10-01,SKU016,WH2,13.0,725.0
2025-10-04,SKU043,WH2,33.0,778.0
2025-10-26,SKU028,WH1,26.0,141.0
2024-09-07,SKU016,WH3,21.0,183.0
2025-07-02,SKU003,WH2,54.0,316.0
2024-10-04,SKU037,WH1,56.0,255.0
2025-01-13,SKU034,WH1,66.0,204.0
2025-08-16,SKU025,WH3,85.0,629.0
2025-09-27,SKU001,WH3,10.0,532.0
2025-07-13,SKU022,WH2,8.0,689.0
2024-07-12,SKU041,WH2,76.0,
2025-09-25,SKU020,WH2,54.0,797.0
2025-08-15,SKU048,WH1,35.0,763.0
2024-09-09,SKU031,WH1,35.0,236.0
2024-02-24,SKU044,WH5,81.0,766.0
2025-05-01,SKU045,WH2,77.0,376.0
2025-05-07,SKU002,WH4,91.0,391.0
2025-06-26,SKU015,WH3,87.0,154.0
2025-03-22,SKU008,WH3,89.0,484.0
2025-11-25,SKU004,WH2,66.0,723.0
2025-07-07,SKU049,WH3,73.0,833.0
2024-08-30,SKU038,WH3,31.0,826.0
2024-06-03,SKU038,WH3,81.0,733.0
2024-12-19,SKU019,WH1,,824.0
2024-12-25,SKU002,WH3,17.0,670.0
2025-04-24,SKU015,WH1,84.0,145.0
2024-08-02,SKU002,WH1,25.0,903.0
2025-02-06,SKU033,WH3,12.0,471.0
2024-01-05,SKU043,WH1,68.0,255.0
2024-08-16,SKU005,WH3,23.0,100.0
2025-05-26,SKU030,WH1,32.0,545.0
2024-12-30,SKU021,WH5,90.0,287.0
2024-12-29,SKU003,WH1,58.0,300.0
2024-11-15,SKU028,WH5,99.0,867.0
2024-01-19,SKU048,WH2,91.0,
2024-10-13,SKU040,WH3,82.0,787.0
2025-05-06,SKU030,WH3,98.0,794.0
2024-09-02,SKU024,WH2,62.0,860.0
2025-04-19,SKU039,WH1,70.0,460.0
2025-01-28,SKU038,WH3,48.0,610.0
2024-06-22,SKU046,WH1,16.0,839.0
2025-12-02,SKU025,WH3,32.0,905.0
2024-09-19,SKU032,WH2,17.0,970.0
2025-06-12,SKU036,WH2,83.0,179.0
2025-05-20,SKU031,WH2,77.0,515.0
2025-05-01,SKU021,WH3,46.0,362.0
2025-04-23,SKU031,WH2,88.0,726.0
2024-10-10,SKU026,WH3,23.0,845.0
2025-11-04,SKU006,WH1,,963.0
2024-03-28,SKU024,WH4,94.0,210.0
2025-06-19,SKU035,WH1,17.0,
2024-04-22,SKU031,WH2,92.0,771.0
2024-06-21,SKU009,WH3,19.0,755.0
2025-01-17,SKU010,WH1,71.0,307.0
2025-05-05,SKU029,WH3,86.0,581.0
2025-01-03,SKU036,WH1,14.0,931.0
2024-03-11,SKU049,WH3,89.0,576.0
2025-11-25,SKU017,WH1,39.0,128.0
2025-10-08,SKU012,WH2,68.0,513.0
2025-12-14,SKU028,WH2,1.0,654.0
2024-07-07,SKU017,WH1,68.0,160.0
2024-03-11,SKU006,WH2,,174.0
2025-06-06,SKU017,WH2,58.0,704.0
2024-01-05,SKU027,WH3,23.0,213.0
2024-08-09,SKU013,WH1,81.0,960.0
2025-05-20,SKU018,WH1,42.0,280.0
2025-05-03,SKU023,WH5,66.0,284.0
2025-09-15,SKU011,WH3,27.0,351.0
2024-01-18,SKU018,WH3,3.0,728.0
2024-02-08,SKU041,WH2,87.0,844.0
2025-09-16,SKU044,WH2,23.0,162.0
2025-01-07,SKU043,WH4,76.0,1000.0
2024-05-26,SKU041,WH3,42.0,883.0
2025-08-11,SKU038,WH5,88.0,313.0
2024-05-17,SKU035,WH3,93.0,472.0
2024-03-25,SKU029,WH4,59.0,146.0
2024-12-22,SKU044,WH2,95.0,698.0
2024-09-15,SKU030,WH4,68.0,174.0
2025-02-19,SKU025,WH1,12.0,270.0
2024-02-12,SKU048,WH2,93.0,544.0
2024-11-22,SKU040,WH2,11.0,490.0
2024-07-16,SKU016,WH2,72.0,955.0
2025-03-23,SKU009,WH3,34.0,776.0
2025-01-31,SKU034,WH2,66.0,367.0
2025-02-05,SKU010,WH3,42.0,858.0
2024-07-30,SKU024,WH2,43.0,363.0
2025-03-04,SKU014,WH5,6.0,535.0
2024-07-19,SKU006,WH2,48.0,965.0
2025-03-25,SKU020,WH5,28.0,709.0
2024-05-13,SKU020,WH2,4.0,837.0
2025-04-04,SKU017,WH1,88.0,165.0
2024-09-08,SKU019,WH2,8.0,335.0
2025-09-28,SKU012,WH3,68.0,266.0
2025-08-20,SKU019,WH1,17.0,515.0
2025-01-01,SKU041,WH1,,739.0
2025-03-17,SKU025,WH2,14.0,460.0
2024-06-03,SKU009,WH2,18.0,
2025-03-06,SKU016,WH1,69.0,731.0
2025-11-30,SKU011,WH5,,944.0
2025-08-04,SKU008,WH5,88.0,136.0
2025-03-04,SKU017,WH1,38.0,263.0
2025-03-26,SKU022,WH3,35.0,637.0
2025-11-09,SKU030,WH2,40.0,238.0
2025-07-13,SKU038,WH4,57.0,545.0
2025-05-24,SKU017,WH2,16.0,788.0
2025-07-27,SKU041,WH2,35.0,393.0
2025-10-29,SKU007,WH2,12.0,560.0
2024-11-22,SKU019,WH3,5.0,892.0
2024-04-29,SKU008,WH3,26.0,647.0
2024-03-20,SKU043,WH2,33.0,293.0
2024-06-02,SKU037,WH5,13.0,729.0
2025-04-01,SKU045,WH2,20.0,848.0
2024-12-25,SKU019,WH3,43.0,681.0
2024-11-28,SKU049,WH3,3.0,335.0
2024-07-24,SKU047,WH1,27.0,
2024-01-16,SKU045,WH2,93.0,561.0
2025-02-28,SKU048,WH2,22.0,956.0
2024-05-15,SKU022,WH2,11.0,737.0
2025-06-26,SKU045,WH1,89.0,553.0
2025-07-31,SKU020,WH5,16.0,435.0
2024-10-14,SKU033,WH5,73.0,596.0
2025-06-03,SKU041,WH1,93.0,267.0
2025-10-17,SKU036,WH2,23.0,769.0
2024-07-04,SKU021,WH2,25.0,102.0
2025-10-17,SKU010,WH5,27.0,195.0
2025-04-02,SKU031,WH5,99999.0,718.0
2024-01-29,SKU034,WH1,59.0,979.0
2024-12-07,SKU004,WH2,41.0,897.0
2025-11-20,SKU009,WH1,64.0,343.0
2025-11-13,SKU021,WH2,82.0,327.0
2024-11-17,SKU032,WH2,72.0,180.0
2025-01-11,SKU036,WH2,46.0,231.0
2025-03-02,SKU011,WH1,28.0,661.0
2025-10-08,SKU036,WH1,95.0,298.0
2025-08-22,SKU017,WH3,96.0,299.0
2024-03-07,SKU049,WH3,32.0,754.0
2025-12-29,SKU028,WH4,37.0,633.0
2025-01-05,SKU028,WH2,10.0,726.0
2025-06-24,SKU049,WH3,49.0,415.0
2024-03-03,SKU003,WH2,98.0,542.0
2025-07-13,SKU033,WH5,47.0,131.0
2024-06-22,SKU018,WH4,49.0,385.0
2025-12-11,SKU012,WH1,90.0,853.0
2024-05-05,SKU049,WH5,77.0,356.0
2025-08-14,SKU044,WH3,,130.0
2024-12-13,SKU018,WH3,100.0,980.0
2024-05-03,SKU004,WH1,50.0,812.0
2025-01-24,SKU041,WH2,12.0,386.0
2024-07-18,SKU011,WH1,40.0,157.0
2024-11-28,SKU032,WH2,90.0,
2025-07-23,SKU011,WH2,9.0,459.0
2025-09-17,SKU017,WH3,67.0,602.0
2024-04-27,SKU023,WH3,96.0,302.0
2025-09-06,SKU012,WH1,90.0,741.0
2024-06-07,SKU024,WH1,,985.0
2025-02-13,SKU050,WH2,100.0,484.0
2024-07-07,SKU006,WH5,19.0,944.0
2024-07-01,SKU021,WH2,92.0,197.0
2025-03-01,SKU038,WH3,67.0,647.0
2025-11-19,SKU028,WH1,23.0,158.0
2025-08-24,SKU039,WH2,54.0,915.0
2024-03-27,SKU041,WH5,33.0,
2025-06-26,SKU022,WH1,75.0,
2024-04-13,SKU027,WH1,21.0,874.0
2025-06-07,SKU032,WH1,73.0,971.0
2024-08-30,SKU010,WH2,9.0,602.0
2024-01-14,SKU017,WH1,96.0,419.0
2024-08-23,SKU045,WH1,90.0,741.0
2025-09-19,SKU030,WH2,27.0,898.0
2024-06-22,SKU021,WH2,69.0,887.0
2024-05-25,SKU009,WH2,72.0,559.0
2024-07-12,SKU027,WH3,28.0,729.0
2025-08-31,SKU030,WH2,3.0,834.0
2024-02-16,SKU012,WH2,64.0,506.0
2025-11-05,SKU013,WH3,87.0,889.0
2024-06-09,SKU012,WH2,1.0,177.0
2025-11-05,SKU039,WH3,100.0,222.0
2024-06-05,SKU017,WH2,71.0,154.0
2024-02-17,SKU011,WH3,84.0,513.0
2024-11-07,SKU011,WH1,8.0,662.0
2025-06-07,SKU006,WH2,,460.0
2024-12-29,SKU036,WH2,,
2024-06-26,SKU039,WH2,14.0,214.0
2025-04-10,SKU017,WH3,58.0,235.0
2025-11-02,SKU001,WH1,46.0,267.0
2025-06-10,SKU047,WH2,45.0,572.0
2025-07-06,SKU043,WH2,75.0,287.0
2024-01-14,SKU025,WH1,86.0,688.0
2024-11-27,SKU033,WH2,83.0,638.0
2025-09-09,SKU016,WH3,37.0,340.0
2024-11-26,SKU011,WH2,27.0,668.0
2025-07-08,SKU019,WH3,61.0,941.0
2025-06-11,SKU002,WH3,33.0,458.0
2024-02-15,SKU015,WH1,65.0,731.0
2025-10-02,SKU025,WH4,44.0,
2024-08-04,SKU050,WH5,91.0,269.0
2025-03-30,SKU029,WH3,63.0,436.0
2025-01-10,SKU025,WH3,95.0,859.0
2025-01-31,SKU033,WH5,7.0,911.0
2025-01-19,SKU018,WH3,58.0,935.0
2025-10-09,SKU036,WH2,56.0,679.0
2024-09-18,SKU001,WH1,35.0,196.0
2024-06-25,SKU004,WH3,24.0,678.0
2025-02-28,SKU010,WH1,84.0,390.0
2024-07-12,SKU037,WH3,27.0,658.0
2024-09-01,SKU009,WH5,42.0,592.0
2025-09-24,SKU034,WH4,43.0,692.0
2024-11-17,SKU046,WH5,73.0,764.0
2024-12-15,SKU046,WH2,31.0,434.0
2025-07-13,SKU029,WH1,2.0,743.0
2025-05-10,SKU015,WH3,81.0,613.0
2025-03-15,SKU025,WH3,44.0,635.0
2024-07-19,SKU040,WH5,25.0,351.0
2025-12-06,SKU007,WH4,81.0,144.0
2024-03-03,SKU037,WH2,31.0,995.0
2025-05-02,SKU037,WH1,24.0,240.0
2024-12-16,SKU006,WH4,75.0,985.0
2025-07-17,SKU033,WH3,30.0,519.0
2025-03-23,SKU038,WH2,77.0,839.0
2025-01-25,SKU014,WH1,87.0,600.0
2024-06-08,SKU035,WH2,32.0,375.0
2024-09-08,SKU012,WH1,24.0,833.0
2025-07-20,SKU019,WH2,55.0,494.0
2025-09-29,SKU043,WH2,61.0,634.0
2025-05-15,SKU019,WH5,61.0,489.0
2024-11-12,SKU046,WH2,6.0,431.0
2024-05-06,SKU024,WH4,2.0,796.0
2025-10-22,SKU032,WH3,4.0,137.0
2024-09-24,SKU022,WH3,12.0,189.0
2024-12-05,SKU027,WH1,57.0,476.0
2024-12-19,SKU005,WH2,23.0,244.0
2025-04-06,SKU006,WH5,35.0,652.0
2024-04-21,SKU044,WH3,36.0,338.0
2024-11-21,SKU036,WH1,18.0,859.0
2024-03-31,SKU008,WH3,27.0,994.0
2024-04-03,SKU011,WH1,78.0,925.0
2025-11-19,SKU007,WH1,8.0,328.0
2025-11-10,SKU041,WH5,17.0,102.0
2024-11-21,SKU030,WH1,42.0,139.0
2025-10-18,SKU020,WH5,84.0,411.0
2024-06-09,SKU016,WH2,8.0,992.0
2025-01-08,SKU013,WH4,62.0,135.0
2024-09-20,SKU040,WH1,60.0,679.0
2024-09-03,SKU029,WH5,85.0,741.0
2025-02-14,SKU035,WH3,23.0,782.0
2024-04-27,SKU021,WH2,74.0,461.0
2024-06-18,SKU015,WH2,84.0,764.0
2025-10-31,SKU033,WH3,47.0,150.0
2025-08-19,SKU004,WH3,64.0,377.0
2025-05-12,SKU037,WH1,71.0,347.0
2024-01-19,SKU030,WH2,35.0,134.0
2025-12-10,SKU045,WH3,37.0,993.0
2025-08-03,SKU002,WH1,81.0,925.0
2025-11-04,SKU003,WH2,18.0,478.0
2024-11-28,SKU025,WH3,,136.0
2025-08-16,SKU025,WH4,87.0,155.0
2025-08-04,SKU035,WH1,94.0,391.0
2025-03-31,SKU046,WH2,41.0,443.0
2025-06-09,SKU020,WH5,72.0,993.0
2024-01-17,SKU032,WH2,65.0,725.0
2024-07-09,SKU018,WH4,12.0,858.0
2025-08-18,SKU011,WH2,10.0,901.0
2025-09-15,SKU016,WH1,48.0,611.0
2024-02-13,SKU008,WH2,63.0,929.0
2024-11-27,SKU029,WH2,34.0,436.0
2025-03-12,SKU022,WH3,74.0,541.0
2024-07-19,SKU038,WH5,89.0,394.0
2025-04-06,SKU023,WH1,47.0,355.0
2025-07-09,SKU036,WH4,95.0,991.0
2025-07-16,SKU015,WH2,1.0,608.0
2024-05-03,SKU027,WH2,50.0,563.0
2025-07-18,SKU008,WH2,94.0,928.0
2024-06-06,SKU006,WH1,95.0,462.0
2024-10-19,SKU007,WH1,94.0,994.0
2024-11-04,SKU038,WH2,35.0,563.0
2025-04-08,SKU001,WH3,87.0,384.0
2025-08-09,SKU032,WH5,81.0,519.0
2025-01-15,SKU016,WH3,45.0,190.0
2024-04-11,SKU036,WH5,100.0,383.0
2025-11-30,SKU040,WH2,41.0,164.0
2025-04-03,SKU045,WH1,20.0,961.0
2024-01-18,SKU011,WH1,94.0,333.0
2024-08-07,SKU022,WH2,13.0,170.0
2025-09-09,SKU019,WH1,97.0,502.0
2024-12-14,SKU019,WH2,54.0,308.0
2025-04-15,SKU004,WH4,71.0,878.0
2025-10-08,SKU020,WH2,38.0,316.0
2024-10-23,SKU046,WH3,20.0,383.0
2025-01-19,SKU043,WH5,13.0,809.0
2024-06-02,SKU020,WH1,15.0,925.0
2025-04-14,SKU017,WH2,79.0,246.0
2025-06-28,SKU017,WH3,49.0,679.0
2025-04-03,SKU046,WH2,86.0,674.0
2025-08-13,SKU035,WH1,80.0,
2025-03-27,SKU025,WH3,84.0,596.0
2025-01-31,SKU010,WH2,56.0,400.0
2025-10-22,SKU033,WH2,57.0,485.0
2025-03-07,SKU001,WH5,10.0,143.0
2025-01-23,SKU018,WH4,57.0,310.0
2025-12-24,SKU040,WH3,17.0,738.0
2024-10-20,SKU002,WH2,62.0,431.0
2024-06-24,SKU019,WH3,98.0,128.0
2024-11-05,SKU040,WH3,66.0,189.0
2025-07-26,SKU027,WH1,20.0,448.0
2024-11-18,SKU004,WH1,15.0,725.0
2024-06-16,SKU016,WH1,97.0,666.0
2024-02-24,SKU033,WH2,55.0,439.0
2025-06-28,SKU026,WH2,35.0,779.0
2024-08-18,SKU046,WH2,22.0,778.0
2024-04-28,SKU037,WH2,41.0,489.0
2025-04-14,SKU043,WH3,87.0,808.0
2024-12-16,SKU004,WH5,58.0,244.0
2024-09-01,SKU044,WH3,2.0,151.0
2025-10-27,SKU009,WH5,33.0,886.0
2025-07-10,SKU043,WH3,35.0,117.0
2024-06-05,SKU025,WH2,73.0,798.0
2024-04-11,SKU023,WH3,87.0,153.0
2024-08-08,SKU023,WH2,97.0,790.0
2024-04-01,SKU009,WH3,9.0,146.0
2024-04-06,SKU033,WH3,4.0,708.0
2025-11-29,SKU031,WH4,14.0,674.0
2025-06-10,SKU003,WH5,3.0,927.0
2024-08-23,SKU033,WH3,31.0,891.0
2024-11-27,SKU042,WH1,12.0,603.0
2025-02-16,SKU020,WH1,66.0,601.0
2025-04-10,SKU022,WH2,31.0,182.0
2025-06-20,SKU011,WH1,63.0,884.0
2024-09-30,SKU037,WH2,,692.0
2024-04-23,SKU010,WH2,18.0,987.0
2025-10-28,SKU002,WH3,71.0,986.0
2025-05-17,SKU010,WH3,62.0,659.0
2025-06-13,SKU009,WH4,31.0,949.0
2024-03-24,SKU018,WH2,78.0,641.0
2024-01-30,SKU001,WH1,56.0,783.0
2025-09-01,SKU008,WH5,67.0,878.0
2025-03-23,SKU029,WH1,84.0,272.0
2025-05-29,SKU001,WH2,40.0,989.0
2024-08-04,SKU033,WH4,,305.0
2024-10-25,SKU034,WH4,78.0,643.0
2025-02-23,SKU033,WH3,61.0,535.0
2025-04-01,SKU023,WH3,49.0,857.0
2024-04-14,SKU004,WH1,78.0,790.0
2025-02-20,SKU023,WH1,19.0,
2024-07-04,SKU042,WH4,9.0,585.0
2024-01-13,SKU006,WH3,,314.0
2025-09-11,SKU007,WH5,93.0,954.0
2024-03-21,SKU048,WH3,49.0,580.0
2024-12-16,SKU008,WH3,,564.0
2024-12-04,SKU021,WH3,89.0,725.0
2025-07-10,SKU050,WH2,18.0,833.0
2024-05-27,SKU011,WH1,33.0,827.0
2024-03-14,SKU026,WH1,80.0,855.0
2024-05-12,SKU020,WH2,70.0,881.0
2025-03-19,SKU042,WH1,59.0,360.0
2025-09-02,SKU007,WH1,4.0,439.0
2024-08-26,SKU031,WH2,87.0,353.0
2024-01-05,SKU003,WH1,100.0,491.0
2024-04-14,SKU040,WH5,22.0,435.0
2024-12-29,SKU020,WH2,45.0,673.0
2024-10-18,SKU040,WH2,16.0,230.0
2024-10-07,SKU011,WH2,97.0,784.0
2025-03-19,SKU022,WH3,3.0,981.0
2025-12-30,SKU017,WH2,3.0,447.0
2025-10-02,SKU030,WH2,74.0,361.0
2024-12-29,SKU039,WH1,68.0,212.0
2025-07-07,SKU049,WH4,93.0,948.0
2025-05-23,SKU025,WH2,83.0,625.0
2024-08-30,SKU029,WH1,66.0,
2025-10-06,SKU050,WH1,54.0,171.0
2025-05-05,SKU033,WH3,8.0,254.0
2024-12-10,SKU002,WH1,75.0,442.0
2025-10-18,SKU001,WH2,79.0,328.0
2025-01-25,SKU020,WH3,77.0,363.0
2025-04-29,SKU049,WH2,6.0,358.0
2024-11-09,SKU004,WH2,83.0,
2024-10-08,SKU017,WH4,12.0,670.0
2025-03-05,SKU035,WH5,54.0,163.0
2025-03-03,SKU020,WH1,26.0,194.0
2025-08-26,SKU032,WH3,52.0,
2025-06-08,SKU042,WH2,82.0,474.0
2025-07-31,SKU014,WH2,37.0,114.0
2025-04-14,SKU008,WH2,19.0,
2024-02-15,SKU006,WH5,98.0,306.0
2025-01-15,SKU008,WH1,15.0,353.0
2024-04-08,SKU029,WH3,20.0,270.0
2025-09-05,SKU041,WH2,29.0,588.0
2024-01-04,SKU025,WH3,33.0,
2025-10-13,SKU029,WH1,91.0,321.0
2024-09-15,SKU008,WH1,76.0,397.0
2024-09-09,SKU039,WH1,71.0,522.0
2025-11-26,SKU025,WH3,47.0,395.0
2025-11-13,SKU029,WH2,87.0,758.0
2025-04-27,SKU004,WH3,65.0,176.0
2024-07-17,SKU030,WH3,81.0,767.0
2025-05-11,SKU042,WH1,68.0,394.0
2025-06-27,SKU031,WH1,24.0,387.0
2024-02-18,SKU033,WH3,,798.0
2024-01-11,SKU028,WH3,63.0,705.0
2024-10-18,SKU039,WH2,48.0,461.0
2024-01-22,SKU042,WH3,7.0,757.0
2025-05-10,SKU026,WH1,94.0,283.0
2025-08-28,SKU049,WH1,95.0,840.0
2025-03-30,SKU002,WH1,46.0,719.0
2024-08-09,SKU031,WH2,15.0,916.0
2025-03-09,SKU045,WH4,29.0,
2025-12-25,SKU016,WH5,97.0,866.0
2024-11-04,SKU049,WH2,48.0,628.0
2025-08-28,SKU032,WH3,91.0,567.0
2024-10-27,SKU045,WH4,17.0,659.0
2025-04-26,SKU007,WH2,15.0,888.0
2025-12-16,SKU019,WH3,7.0,800.0
2024-06-18,SKU044,WH1,3.0,340.0
2025-07-19,SKU009,WH1,96.0,659.0
2025-09-11,SKU004,WH2,75.0,493.0
2025-10-27,SKU003,WH3,46.0,491.0
2025-03-07,SKU039,WH3,,744.0
2024-12-14,SKU021,WH3,21.0,986.0
2024-06-25,SKU047,WH4,48.0,180.0
2025-12-08,SKU029,WH3,71.0,601.0
2024-05-23,SKU019,WH1,22.0,157.0
2024-03-19,SKU037,WH2,10.0,868.0
2025-03-02,SKU011,WH4,10.0,395.0
2024-12-16,SKU047,WH3,6.0,327.0
2025-12-17,SKU002,WH3,55.0,909.0
2024-11-27,SKU049,WH3,83.0,
2025-07-05,SKU003,WH3,51.0,937.0
2025-04-30,SKU003,WH3,99999.0,916.0
2024-04-25,SKU004,WH1,78.0,249.0
2024-12-15,SKU049,WH2,64.0,262.0
2024-04-08,SKU014,WH1,63.0,954.0
2025-04-27,SKU043,WH2,50.0,939.0
2024-09-22,SKU022,WH2,54.0,560.0
2025-07-10,SKU023,WH1,27.0,723.0
2024-10-12,SKU045,WH2,,290.0
2024-09-27,SKU019,WH5,72.0,706.0
2024-04-10,SKU011,WH2,48.0,972.0
2024-07-06,SKU009,WH2,5.0,738.0
2024-10-07,SKU043,WH2,98.0,333.0
2024-07-31,SKU046,WH3,88.0,932.0
2024-10-02,SKU008,WH2,49.0,666.0
2025-09-29,SKU031,WH2,50.0,174.0
2024-02-13,SKU035,WH3,70.0,834.0
2025-01-26,SKU019,WH1,50.0,678.0
2024-10-13,SKU016,WH3,35.0,546.0
2024-01-10,SKU049,WH5,96.0,876.0
2025-07-14,SKU048,WH1,42.0,373.0
2025-07-22,SKU038,WH3,90.0,232.0
2024-05-17,SKU022,WH3,5.0,239.0
2025-08-17,SKU002,WH2,9.0,841.0
2024-05-18,SKU006,WH4,57.0,870.0
2025-01-03,SKU050,WH2,7.0,841.0
2024-12-12,SKU013,WH3,19.0,778.0
2025-06-12,SKU034,WH3,1.0,145.0
2024-02-01,SKU032,WH3,26.0,775.0
2024-02-19,SKU006,WH3,86.0,1000.0
2024-02-15,SKU006,WH2,48.0,338.0
2025-10-16,SKU038,WH2,89.0,502.0
2024-08-28,SKU015,WH3,22.0,797.0
2024-09-09,SKU041,WH1,10.0,404.0
2025-08-06,SKU021,WH5,44.0,391.0
2025-06-13,SKU002,WH1,65.0,499.0
2024-10-25,SKU035,WH3,64.0,524.0
2025-07-19,SKU031,WH2,40.0,112.0
2024-06-16,SKU039,WH2,8.0,827.0
2024-04-14,SKU048,WH1,89.0,251.0
2025-08-09,SKU020,WH1,63.0,800.0
2024-06-19,SKU044,WH5,,518.0
2024-03-14,SKU012,WH2,18.0,828.0
2025-06-03,SKU003,WH5,29.0,220.0
2025-08-06,SKU042,WH1,68.0,713.0
2025-02-14,SKU034,WH3,62.0,382.0
2024-12-23,SKU046,WH4,93.0,319.0
2024-01-24,SKU029,WH2,12.0,140.0
2025-12-21,SKU015,WH2,53.0,879.0
2024-01-25,SKU021,WH1,46.0,964.0
2025-08-24,SKU022,WH3,87.0,966.0
2024-03-21,SKU024,WH3,74.0,287.0
2024-06-04,SKU013,WH4,98.0,332.0
2025-02-12,SKU019,WH3,15.0,285.0
2024-08-04,SKU048,WH2,,864.0
2025-09-17,SKU009,WH3,33.0,663.0
2025-01-03,SKU031,WH4,65.0,534.0
2024-02-06,SKU026,WH4,60.0,175.0
2025-09-14,SKU016,WH3,70.0,167.0
2024-09-10,SKU025,WH1,41.0,748.0
2025-06-01,SKU004,WH3,61.0,500.0
2024-05-17,SKU007,WH3,9.0,186.0
2024-09-15,SKU002,WH2,71.0,453.0
2025-06-16,SKU036,WH4,90.0,474.0
2024-03-16,SKU034,WH3,100.0,959.0
2024-06-03,SKU024,WH3,32.0,609.0
2024-06-11,SKU028,WH4,33.0,814.0
2024-12-14,SKU014,WH1,92.0,173.0
2024-10-08,SKU018,WH1,28.0,196.0
2025-04-29,SKU028,WH2,80.0,557.0
2025-12-09,SKU005,WH1,9.0,544.0
2024-02-17,SKU025,WH2,12.0,141.0
2025-05-27,SKU022,WH4,4.0,297.0
2024-05-22,SKU046,WH1,,718.0
2024-09-21,SKU013,WH2,5.0,140.0
2024-11-18,SKU018,WH2,98.0,774.0
2025-09-26,SKU010,WH1,29.0,640.0
2025-12-27,SKU034,WH3,53.0,946.0
2025-05-20,SKU020,WH1,74.0,181.0
2025-07-17,SKU011,WH3,26.0,710.0
2024-10-20,SKU038,WH2,98.0,613.0
2024-11-09,SKU049,WH4,34.0,104.0
2025-05-17,SKU045,WH5,48.0,766.0
2025-08-29,SKU003,WH4,4.0,261.0
2025-10-10,SKU017,WH3,62.0,766.0
2025-11-24,SKU044,WH3,9.0,547.0
2024-07-11,SKU021,WH3,80.0,108.0
2025-08-17,SKU034,WH1,65.0,109.0
2024-05-24,SKU014,WH3,58.0,609.0
2025-11-04,SKU008,WH2,9.0,705.0
2024-08-04,SKU033,WH3,69.0,473.0
2024-04-13,SKU045,WH1,63.0,578.0
2025-01-28,SKU041,WH4,57.0,267.0
2025-12-18,SKU019,WH2,,503.0
2024-08-20,SKU015,WH3,99999.0,406.0
2025-03-08,SKU029,WH2,94.0,683.0
2024-03-22,SKU004,WH5,62.0,
2024-03-21,SKU011,WH3,24.0,619.0
2024-09-15,SKU039,WH3,24.0,151.0
2024-03-23,SKU041,WH2,58.0,271.0
2024-01-28,SKU049,WH1,80.0,915.0
2025-06-15,SKU038,WH2,75.0,316.0
2025-03-13,SKU003,WH2,53.0,311.0
2024-03-22,SKU044,WH5,22.0,394.0
2024-04-23,SKU031,WH1,18.0,870.0
2024-01-25,SKU049,WH4,72.0,929.0
2024-08-03,SKU007,WH1,22.0,993.0
2024-07-10,SKU038,WH5,27.0,611.0
2025-02-07,SKU039,WH1,16.0,877.0
2025-09-10,SKU012,WH3,14.0,385.0
2024-01-17,SKU004,WH5,12.0,520.0
2025-04-26,SKU020,WH2,80.0,789.0
2024-07-30,SKU043,WH3,18.0,603.0
2025-08-02,SKU007,WH2,72.0,964.0
2024-01-09,SKU017,WH2,23.0,573.0
2025-06-27,SKU049,WH5,21.0,556.0
2025-03-05,SKU029,WH2,63.0,851.0
2024-08-04,SKU002,WH3,99.0,824.0
2024-07-24,SKU016,WH1,49.0,364.0
2024-09-10,SKU007,WH1,97.0,434.0
2025-11-07,SKU049,WH2,12.0,738.0
2025-07-20,SKU006,WH3,22.0,
2024-06-02,SKU007,WH2,79.0,814.0
2024-08-14,SKU024,WH4,85.0,564.0
2025-01-13,SKU007,WH4,65.0,368.0
2025-04-30,SKU007,WH2,91.0,254.0
2024-03-02,SKU030,WH2,45.0,533.0
2024-02-11,SKU014,WH1,16.0,897.0
2024-08-07,SKU020,WH3,12.0,874.0
2025-07-15,SKU037,WH3,78.0,445.0
2024-06-13,SKU009,WH2,4.0,901.0
2024-10-12,SKU037,WH1,82.0,426.0
2025-05-14,SKU003,WH2,58.0,385.0
2025-05-25,SKU008,WH3,58.0,741.0
2024-06-11,SKU030,WH3,12.0,559.0
2025-04-08,SKU029,WH2,29.0,397.0
2025-04-07,SKU048,WH1,61.0,414.0
2025-05-11,SKU008,WH3,85.0,819.0
2025-01-28,SKU033,WH5,69.0,1000.0
2025-06-25,SKU042,WH2,15.0,429.0
2024-03-14,SKU020,WH3,13.0,511.0
2025-05-16,SKU008,WH5,19.0,195.0
2024-12-06,SKU026,WH2,17.0,887.0
2024-02-11,SKU027,WH4,38.0,797.0
2024-04-23,SKU015,WH1,45.0,755.0
2024-10-21,SKU017,WH1,6.0,139.0
2025-11-29,SKU027,WH2,85.0,455.0
2025-03-03,SKU010,WH1,97.0,762.0
2024-09-26,SKU016,WH2,21.0,676.0
2024-03-17,SKU015,WH3,54.0,861.0
2024-10-20,SKU046,WH1,23.0,490.0
2024-09-14,SKU003,WH3,37.0,255.0
2024-07-26,SKU031,WH2,35.0,762.0
2024-05-25,SKU038,WH3,,181.0
2024-03-05,SKU028,WH2,8.0,154.0
2024-07-28,SKU022,WH2,6.0,995.0
2025-07-19,SKU042,WH4,68.0,352.0
2025-12-13,SKU008,WH3,69.0,578.0
2025-06-01,SKU013,WH1,3.0,738.0
2025-05-31,SKU038,WH1,98.0,754.0
2024-04-11,SKU031,WH5,88.0,768.0
2024-05-04,SKU021,WH4,38.0,879.0
2025-06-09,SKU024,WH1,78.0,427.0
2024-06-15,SKU043,WH1,81.0,807.0
2025-07-02,SKU012,WH4,20.0,120.0
2024-12-14,SKU036,WH3,37.0,919.0
2025-05-13,SKU029,WH5,48.0,414.0
2025-06-06,SKU007,WH3,32.0,678.0
2024-09-04,SKU048,WH1,69.0,468.0
2024-01-06,SKU050,WH5,36.0,335.0
2025-06-15,SKU020,WH2,100.0,634.0
2024-12-09,SKU015,WH3,54.0,433.0
2025-03-01,SKU032,WH3,21.0,103.0
2025-06-13,SKU049,WH3,41.0,849.0
2024-04-21,SKU005,WH3,54.0,495.0
2025-09-09,SKU014,WH4,33.0,684.0
2024-07-04,SKU005,WH2,60.0,
2024-05-18,SKU030,WH1,85.0,118.0
2025-05-19,SKU014,WH4,38.0,627.0
2024-03-26,SKU040,WH1,72.0,518.0
2024-07-01,SKU021,WH2,,454.0
2025-01-11,SKU049,WH3,84.0,212.0
2025-04-30,SKU001,WH3,6.0,662.0
2024-05-11,SKU041,WH1,13.0,976.0
2024-09-21,SKU023,WH4,80.0,823.0
2024-04-15,SKU013,WH2,52.0,
2025-10-20,SKU009,WH3,99.0,913.0
2025-06-06,SKU033,WH2,32.0,383.0
2024-09-25,SKU029,WH1,88.0,
2024-11-10,SKU048,WH5,15.0,758.0
2024-02-19,SKU037,WH3,39.0,219.0
2025-08-20,SKU009,WH2,7.0,429.0
2024-01-31,SKU039,WH3,83.0,412.0
2024-12-10,SKU001,WH1,63.0,254.0
2025-09-28,SKU039,WH3,53.0,904.0
2024-05-13,SKU033,WH1,44.0,889.0
2025-03-06,SKU005,WH3,25.0,830.0
2024-10-11,SKU011,WH2,7.0,441.0
2025-06-05,SKU020,WH3,78.0,908.0
2024-09-08,SKU020,WH1,60.0,113.0
2024-05-30,SKU031,WH3,11.0,967.0
2025-09-15,SKU006,WH1,75.0,772.0
2025-06-30,SKU018,WH5,97.0,550.0
2024-09-05,SKU014,WH2,5.0,532.0
2024-12-31,SKU011,WH2,89.0,557.0
2024-10-25,SKU003,WH2,42.0,571.0
2025-09-18,SKU041,WH2,76.0,366.0
2024-06-25,SKU049,WH1,40.0,926.0
2025-03-01,SKU025,WH3,16.0,
2025-09-10,SKU005,WH2,17.0,526.0
2025-01-03,SKU039,WH1,36.0,418.0
2025-08-21,SKU019,WH3,9.0,406.0
2025-12-19,SKU011,WH3,13.0,353.0
2025-01-28,SKU028,WH1,22.0,432.0
2025-08-11,SKU042,WH4,42.0,415.0
2024-12-19,SKU046,WH3,59.0,206.0
2025-11-19,SKU037,WH1,3.0,475.0
2024-12-24,SKU038,WH5,75.0,952.0
2025-02-07,SKU029,WH2,96.0,677.0
2025-11-21,SKU049,WH5,68.0,393.0
2024-07-17,SKU027,WH2,42.0,393.0
2025-10-30,SKU002,WH3,41.0,982.0
2024-06-14,SKU024,WH2,59.0,725.0
2024-10-12,SKU017,WH2,33.0,581.0
2025-01-27,SKU018,WH3,50.0,238.0
2024-12-28,SKU011,WH1,76.0,697.0
2025-10-25,SKU012,WH2,7.0,677.0
2025-09-15,SKU043,WH1,72.0,300.0
2024-07-17,SKU036,WH5,,666.0
2025-11-27,SKU010,WH2,95.0,210.0
2025-05-11,SKU004,WH1,80.0,503.0
2025-07-12,SKU009,WH5,17.0,693.0
2024-01-15,SKU045,WH3,55.0,219.0
2024-12-01,SKU039,WH2,31.0,583.0
2025-12-12,SKU036,WH3,59.0,110.0
2025-06-24,SKU012,WH3,35.0,765.0
2025-09-06,SKU039,WH1,17.0,308.0
2025-09-21,SKU033,WH3,13.0,811.0
2025-11-13,SKU043,WH2,29.0,770.0
2025-04-01,SKU005,WH1,78.0,154.0
2025-11-16,SKU044,WH2,89.0,592.0
2024-07-28,SKU015,WH3,49.0,882.0
2024-08-17,SKU046,WH4,91.0,880.0
2025-11-07,SKU035,WH2,100.0,345.0
2024-01-13,SKU001,WH2,52.0,559.0
2024-01-04,SKU033,WH2,29.0,239.0
2024-11-04,SKU024,WH3,68.0,244.0
2024-06-30,SKU028,WH2,34.0,501.0
2024-09-12,SKU036,WH4,51.0,586.0
2025-12-26,SKU005,WH3,,964.0
2025-03-17,SKU005,WH3,70.0,605.0
2025-10-30,SKU040,WH4,60.0,829.0
2025-11-08,SKU014,WH5,79.0,884.0
2024-03-12,SKU019,WH3,34.0,197.0
2025-12-19,SKU012,WH3,5.0,352.0
2025-08-10,SKU029,WH5,53.0,
2025-08-22,SKU025,WH4,20.0,248.0
2025-08-17,SKU019,WH1,73.0,856.0
2025-07-10,SKU008,WH1,38.0,347.0
2025-07-12,SKU001,WH4,82.0,295.0
2025-03-17,SKU011,WH4,80.0,490.0
2025-07-25,SKU020,WH5,42.0,232.0
2024-09-13,SKU013,WH1,,115.0
2024-11-15,SKU022,WH3,7.0,559.0
2025-12-13,SKU031,WH1,22.0,551.0
2025-11-06,SKU043,WH1,94.0,492.0
2024-07-12,SKU033,WH5,54.0,816.0
2025-02-18,SKU005,WH2,56.0,918.0
2024-12-29,SKU013,WH5,83.0,652.0
2024-01-16,SKU049,WH2,24.0,465.0
2024-01-19,SKU015,WH1,84.0,865.0
2025-02-14,SKU040,WH2,47.0,929.0
2024-11-03,SKU045,WH4,58.0,590.0
2024-07-11,SKU026,WH4,92.0,780.0
2025-10-14,SKU013,WH4,68.0,270.0
2024-08-03,SKU035,WH1,62.0,203.0
2024-05-25,SKU009,WH2,32.0,740.0
2024-11-26,SKU017,WH3,2.0,825.0
2025-08-15,SKU039,WH1,98.0,640.0
2025-10-18,SKU022,WH5,54.0,538.0
2024-11-13,SKU005,WH2,79.0,128.0
2024-10-15,SKU018,WH2,5.0,433.0
2024-05-29,SKU015,WH1,77.0,798.0
2024-09-05,SKU010,WH5,59.0,865.0
2024-03-19,SKU016,WH3,93.0,701.0
2025-07-19,SKU017,WH3,27.0,790.0
2025-06-04,SKU025,WH1,73.0,736.0
2025-02-05,SKU039,WH3,36.0,397.0
2024-08-15,SKU002,WH3,67.0,699.0
2025-07-18,SKU034,WH1,97.0,947.0
2024-06-12,SKU007,WH4,58.0,844.0
2024-04-23,SKU013,WH3,55.0,210.0
2024-07-28,SKU010,WH3,43.0,683.0
2024-09-15,SKU011,WH3,44.0,428.0
2025-05-02,SKU020,WH1,74.0,389.0
2024-11-29,SKU030,WH1,44.0,513.0
2025-09-24,SKU048,WH1,35.0,896.0
2025-03-16,SKU025,WH3,83.0,362.0
2024-05-03,SKU030,WH3,57.0,680.0
2025-10-02,SKU032,WH2,6.0,543.0
2024-03-20,SKU024,WH3,16.0,
2024-01-11,SKU003,WH4,11.0,133.0
2024-08-05,SKU019,WH3,59.0,200.0
2024-02-20,SKU019,WH1,66.0,439.0
2025-10-10,SKU016,WH5,81.0,111.0
2024-02-08,SKU028,WH1,39.0,852.0
2025-11-23,SKU042,WH3,69.0,186.0
2025-05-08,SKU048,WH2,61.0,736.0
2024-11-01,SKU035,WH3,61.0,131.0
2025-07-26,SKU002,WH1,42.0,
2024-10-17,SKU014,WH1,38.0,791.0
2025-07-02,SKU025,WH2,45.0,463.0
2025-10-21,SKU047,WH2,23.0,983.0
2024-09-30,SKU047,WH3,52.0,
2025-10-04,SKU033,WH2,80.0,825.0
2024-04-30,SKU041,WH5,9.0,564.0
2025-05-28,SKU005,WH4,22.0,128.0
2024-09-26,SKU003,WH2,14.0,458.0
2025-06-08,SKU004,WH1,83.0,233.0
2024-01-14,SKU036,WH1,14.0,382.0
2025-10-31,SKU006,WH1,81.0,258.0
2024-03-15,SKU043,WH2,51.0,257.0
2025-04-04,SKU023,WH3,20.0,
2025-11-12,SKU035,WH4,85.0,567.0
2025-01-23,SKU046,WH1,22.0,515.0
2025-06-28,SKU034,WH3,76.0,728.0
2024-06-01,SKU030,WH4,21.0,361.0
2025-04-28,SKU043,WH4,88.0,173.0
2024-11-23,SKU015,WH1,13.0,413.0
2024-10-26,SKU026,WH4,99999.0,775.0
2024-08-19,SKU034,WH2,52.0,736.0
2025-01-27,SKU003,WH2,24.0,938.0
2024-09-18,SKU035,WH2,71.0,804.0
2025-07-06,SKU017,WH1,67.0,738.0
2024-10-22,SKU049,WH3,47.0,200.0
2024-09-18,SKU044,WH4,1.0,199.0
2025-03-22,SKU012,WH3,95.0,647.0
2024-08-15,SKU013,WH3,58.0,447.0
2024-04-08,SKU040,WH5,46.0,228.0
2025-10-02,SKU036,WH2,34.0,
2025-10-31,SKU031,WH2,27.0,580.0
2024-03-25,SKU013,WH5,82.0,684.0
2024-01-07,SKU002,WH3,92.0,312.0
2024-09-02,SKU015,WH3,99999.0,624.0
2025-06-06,SKU028,WH1,59.0,774.0
2025-06-22,SKU009,WH1,31.0,314.0
2024-04-21,SKU022,WH3,90.0,239.0
2024-11-30,SKU013,WH3,72.0,202.0
2024-10-13,SKU026,WH4,51.0,121.0
2024-09-02,SKU018,WH2,77.0,659.0
2025-12-15,SKU019,WH3,75.0,404.0
2024-09-02,SKU036,WH2,18.0,355.0
2025-11-16,SKU028,WH4,75.0,670.0
2024-10-28,SKU010,WH1,27.0,180.0
2025-06-10,SKU010,WH2,55.0,961.0
2024-11-14,SKU022,WH1,90.0,474.0
2024-02-25,SKU040,WH2,92.0,409.0
2024-09-24,SKU008,WH3,4.0,757.0
2024-01-23,SKU003,WH1,48.0,763.0
2025-04-23,SKU017,WH2,3.0,259.0
2024-08-28,SKU009,WH2,74.0,328.0
2024-10-20,SKU013,WH3,89.0,314.0
2025-04-30,SKU002,WH4,96.0,186.0
2024-03-10,SKU030,WH3,94.0,810.0
2025-05-13,SKU050,WH2,98.0,755.0
2025-12-02,SKU025,WH2,66.0,160.0
2024-05-13,SKU029,WH5,93.0,105.0
2025-07-14,SKU045,WH2,58.0,767.0
2024-12-22,SKU012,WH2,26.0,161.0
2025-10-09,SKU007,WH2,39.0,727.0
2025-12-30,SKU015,WH3,36.0,418.0
2024-09-03,SKU008,WH2,81.0,583.0
2024-07-21,SKU019,WH4,72.0,401.0
2024-10-05,SKU016,WH1,55.0,570.0
2024-07-02,SKU024,WH3,34.0,172.0
2025-08-14,SKU025,WH3,49.0,102.0
2024-05-05,SKU029,WH4,38.0,257.0
2024-01-22,SKU030,WH2,51.0,619.0
2025-02-27,SKU025,WH2,100.0,776.0
2025-11-03,SKU035,WH2,73.0,248.0
2024-09-04,SKU004,WH2,49.0,259.0
2024-05-11,SKU029,WH5,85.0,530.0
2025-02-09,SKU040,WH3,100.0,430.0
2025-07-05,SKU038,WH5,4.0,719.0
2024-03-06,SKU044,WH2,60.0,603.0
2024-01-18,SKU020,WH3,100.0,338.0
2024-08-10,SKU030,WH4,7.0,217.0
2024-06-27,SKU017,WH3,,424.0
2025-04-06,SKU032,WH1,2.0,232.0
2024-03-26,SKU005,WH4,12.0,629.0
2025-07-06,SKU031,WH1,61.0,267.0
2025-06-19,SKU006,WH2,73.0,562.0
2025-06-08,SKU032,WH1,5.0,795.0
2025-10-17,SKU026,WH1,95.0,601.0
2025-05-16,SKU019,WH3,44.0,218.0
2024-08-28,SKU019,WH1,39.0,790.0
2025-02-02,SKU041,WH3,18.0,815.0
2025-10-09,SKU012,WH1,88.0,955.0
2024-06-25,SKU048,WH2,,754.0
2024-10-20,SKU043,WH3,35.0,348.0
2024-02-07,SKU042,WH1,48.0,
2024-04-13,SKU002,WH2,20.0,669.0
2025-02-28,SKU031,WH2,63.0,586.0
2024-01-18,SKU050,WH2,95.0,597.0
2025-11-14,SKU011,WH2,27.0,664.0
2025-03-26,SKU033,WH5,45.0,369.0
2025-08-04,SKU012,WH4,19.0,729.0
2025-09-16,SKU050,WH1,75.0,487.0
2025-11-04,SKU029,WH3,43.0,
2024-10-01,SKU042,WH3,,220.0
2025-08-14,SKU008,WH2,72.0,672.0
2024-07-01,SKU010,WH4,78.0,504.0
2024-09-24,SKU002,WH4,7.0,115.0
2024-08-03,SKU015,WH4,27.0,165.0
2025-08-06,SKU031,WH2,4.0,606.0
2024-08-02,SKU040,WH2,71.0,709.0
2024-03-17,SKU022,WH1,55.0,
2025-11-16,SKU004,WH3,57.0,929.0
2025-01-23,SKU016,WH3,,415.0
2024-10-26,SKU018,WH1,12.0,929.0
2025-11-28,SKU019,WH2,87.0,760.0
2024-06-17,SKU037,WH2,15.0,268.0
2025-02-17,SKU034,WH1,47.0,
2025-04-25,SKU018,WH5,56.0,553.0
2025-05-23,SKU035,WH5,75.0,750.0
2025-01-23,SKU006,WH2,97.0,245.0
2025-02-22,SKU044,WH3,91.0,293.0
2025-09-20,SKU033,WH5,4.0,205.0
2024-01-26,SKU037,WH3,29.0,647.0
2024-11-16,SKU017,WH1,2.0,410.0
2024-09-06,SKU037,WH2,32.0,952.0
2025-01-26,SKU018,WH3,78.0,306.0
2025-07-30,SKU017,WH2,76.0,834.0
2024-04-11,SKU008,WH2,30.0,955.0
2025-08-03,SKU031,WH4,31.0,764.0
2024-08-06,SKU042,WH1,43.0,119.0
2025-05-27,SKU010,WH2,96.0,357.0
2024-07-06,SKU023,WH4,83.0,828.0
2024-11-11,SKU041,WH2,59.0,307.0
2024-01-07,SKU035,WH1,7.0,928.0
2024-01-14,SKU030,WH2,19.0,908.0
2025-09-21,SKU039,WH5,,769.0
2025-06-12,SKU022,WH3,67.0,220.0
2024-11-29,SKU025,WH3,23.0,289.0
2024-10-10,SKU025,WH4,69.0,247.0
2024-02-11,SKU026,WH3,97.0,393.0
2025-01-16,SKU042,WH3,83.0,288.0
2025-12-14,SKU042,WH1,70.0,661.0
2024-03-07,SKU050,WH2,99999.0,824.0
2024-04-27,SKU029,WH3,86.0,805.0
2024-03-15,SKU014,WH3,80.0,607.0
2025-09-21,SKU037,WH3,4.0,425.0
2024-12-06,SKU001,WH1,,462.0
2025-04-14,SKU026,WH2,87.0,108.0
2024-12-23,SKU034,WH5,47.0,704.0
2024-04-16,SKU012,WH1,82.0,509.0
2025-01-28,SKU045,WH2,40.0,725.0
2025-05-16,SKU004,WH5,71.0,454.0
2024-12-15,SKU014,WH1,22.0,443.0
2025-09-28,SKU008,WH3,37.0,720.0
2024-12-11,SKU006,WH2,48.0,574.0
2025-04-14,SKU009,WH4,98.0,679.0
2024-12-27,SKU021,WH3,61.0,217.0
2025-11-24,SKU021,WH2,87.0,481.0
2025-08-19,SKU030,WH3,23.0,892.0
2024-08-16,SKU016,WH4,39.0,582.0
2025-06-18,SKU022,WH4,90.0,497.0
2024-04-30,SKU014,WH2,50.0,722.0
2024-10-07,SKU005,WH2,20.0,503.0
2025-03-04,SKU039,WH3,68.0,314.0
2024-09-23,SKU020,WH1,91.0,525.0
2024-02-08,SKU019,WH3,81.0,
2024-07-05,SKU048,WH3,51.0,653.0
2025-10-10,SKU016,WH5,68.0,693.0
2025-01-04,SKU050,WH2,74.0,293.0
2025-09-27,SKU048,WH3,55.0,606.0
2024-08-07,SKU046,WH2,42.0,474.0
2024-03-25,SKU011,WH4,56.0,885.0
2025-03-18,SKU046,WH1,54.0,652.0
2024-12-08,SKU011,WH5,85.0,268.0
2025-09-10,SKU014,WH3,28.0,505.0
2025-09-09,SKU015,WH2,25.0,393.0
2025-07-14,SKU027,WH2,30.0,138.0
2024-01-16,SKU001,WH1,85.0,630.0
2024-09-19,SKU012,WH4,81.0,
2024-03-06,SKU022,WH1,48.0,578.0
2025-01-05,SKU004,WH1,71.0,742.0
2025-04-05,SKU025,WH2,26.0,550.0
2025-08-18,SKU030,WH2,32.0,369.0
2024-07-31,SKU031,WH1,62.0,694.0
2024-11-29,SKU013,WH2,91.0,462.0
2025-11-17,SKU022,WH1,47.0,478.0
2024-12-30,SKU001,WH1,,777.0
2024-08-17,SKU046,WH3,18.0,796.0
2025-10-23,SKU022,WH1,2.0,637.0
2025-12-03,SKU035,WH5,8.0,715.0
2025-09-28,SKU041,WH3,98.0,955.0
2025-07-15,SKU045,WH2,70.0,239.0
2024-11-30,SKU038,WH3,20.0,407.0
2025-12-10,SKU024,WH2,54.0,909.0
2025-08-30,SKU026,WH1,79.0,562.0
2025-04-20,SKU046,WH2,9.0,876.0
2025-07-18,SKU021,WH3,86.0,670.0
2025-09-04,SKU004,WH2,28.0,523.0
2025-03-04,SKU007,WH4,29.0,793.0
2024-08-05,SKU028,WH1,33.0,171.0
2025-05-10,SKU038,WH2,90.0,502.0
2024-08-23,SKU010,WH3,22.0,805.0
2024-07-17,SKU034,WH1,40.0,302.0
2025-05-28,SKU030,WH3,60.0,916.0
2024-04-26,SKU014,WH5,57.0,893.0
2024-04-20,SKU030,WH5,41.0,825.0
2025-06-07,SKU039,WH3,28.0,519.0
2025-11-12,SKU027,WH4,78.0,317.0
2024-04-02,SKU008,WH2,18.0,903.0
2025-07-21,SKU050,WH2,65.0,166.0
2024-10-01,SKU022,WH1,89.0,525.0
2024-09-27,SKU027,WH2,81.0,831.0
2025-12-26,SKU031,WH2,62.0,384.0
2025-10-19,SKU047,WH2,29.0,684.0
2025-07-28,SKU005,WH3,75.0,
2024-12-30,SKU005,WH4,32.0,705.0
2025-10-13,SKU030,WH1,4.0,788.0
2025-07-05,SKU034,WH2,80.0,617.0
2024-02-05,SKU019,WH3,35.0,991.0
2024-12-01,SKU034,WH2,81.0,298.0
2025-01-24,SKU033,WH4,82.0,822.0
2025-09-21,SKU021,WH3,27.0,706.0
2025-05-04,SKU049,WH4,20.0,935.0
2025-10-26,SKU025,WH4,7.0,393.0
2024-08-23,SKU004,WH1,76.0,864.0
2025-02-18,SKU028,WH1,12.0,747.0
2025-04-07,SKU004,WH3,86.0,675.0
2025-03-17,SKU028,WH1,45.0,872.0
2025-02-19,SKU033,WH4,21.0,505.0
2025-09-04,SKU042,WH1,94.0,867.0
2024-07-12,SKU022,WH1,11.0,992.0
2024-02-13,SKU026,WH2,81.0,237.0
2024-04-01,SKU013,WH3,65.0,631.0
2024-08-29,SKU036,WH5,86.0,
2025-11-28,SKU021,WH2,66.0,929.0
2025-02-27,SKU022,WH3,71.0,235.0
2025-12-10,SKU029,WH4,52.0,502.0
2024-09-20,SKU038,WH2,,833.0
2024-06-10,SKU027,WH2,,723.0
2024-07-08,SKU012,WH1,68.0,455.0
2025-09-27,SKU011,WH2,91.0,427.0
2025-05-05,SKU040,WH1,39.0,169.0
2025-10-10,SKU004,WH4,68.0,726.0
2025-02-09,SKU032,WH3,14.0,728.0
2025-09-30,SKU040,WH3,99999.0,907.0
2025-06-12,SKU001,WH1,98.0,977.0
2024-03-22,SKU004,WH3,69.0,634.0
2024-12-15,SKU047,WH2,38.0,641.0
2025-10-28,SKU043,WH3,19.0,338.0
2024-03-28,SKU004,WH1,76.0,299.0
2024-03-28,SKU043,WH1,,372.0
2024-02-12,SKU026,WH2,39.0,730.0
2024-01-10,SKU043,WH4,32.0,676.0
2024-06-08,SKU035,WH2,10.0,211.0
2024-10-14,SKU007,WH3,17.0,493.0
2024-04-20,SKU015,WH4,99.0,412.0
2025-01-01,SKU017,WH5,77.0,690.0
2024-02-19,SKU046,WH1,67.0,439.0
2025-08-29,SKU032,WH1,71.0,163.0
2024-09-23,SKU041,WH2,23.0,526.0
2024-06-17,SKU014,WH3,76.0,795.0
2025-12-25,SKU044,WH2,97.0,381.0
2025-09-24,SKU047,WH2,97.0,409.0
2025-09-23,SKU043,WH4,73.0,516.0
2025-05-28,SKU020,WH1,99.0,
2024-12-06,SKU018,WH5,81.0,379.0
2024-09-25,SKU001,WH2,42.0,944.0
2024-06-27,SKU033,WH1,26.0,
2025-06-01,SKU018,WH1,9.0,214.0
2024-01-23,SKU004,WH3,67.0,446.0
2024-12-08,SKU035,WH3,85.0,945.0
2025-12-25,SKU039,WH2,2.0,895.0
2025-06-18,SKU006,WH3,21.0,281.0
2024-05-26,SKU046,WH2,74.0,405.0
2024-07-01,SKU030,WH5,28.0,616.0
2025-04-22,SKU021,WH1,99999.0,826.0
2024-03-10,SKU003,WH3,35.0,443.0
2025-04-15,SKU002,WH3,66.0,473.0
2024-07-27,SKU043,WH2,58.0,709.0
2024-08-16,SKU002,WH3,59.0,125.0
2025-01-02,SKU033,WH4,62.0,859.0
2025-09-14,SKU034,WH5,60.0,287.0
2025-01-20,SKU045,WH3,99.0,902.0
2024-11-10,SKU035,WH3,2.0,667.0
2025-06-21,SKU029,WH2,69.0,272.0
2025-04-16,SKU033,WH3,7.0,
2025-06-14,SKU015,WH4,76.0,479.0
2024-12-05,SKU036,WH3,22.0,632.0
2025-04-06,SKU043,WH4,90.0,359.0
2025-02-23,SKU010,WH3,91.0,176.0
2024-03-17,SKU019,WH3,59.0,967.0
2024-12-22,SKU027,WH3,63.0,513.0
2025-10-26,SKU040,WH3,2.0,393.0
2024-10-03,SKU043,WH4,94.0,611.0
2025-10-06,SKU039,WH5,86.0,491.0
2025-04-04,SKU036,WH5,76.0,728.0
2025-04-21,SKU011,WH2,4.0,884.0
2024-04-25,SKU049,WH3,30.0,
2024-10-05,SKU014,WH1,78.0,265.0
2025-03-30,SKU037,WH4,70.0,409.0
2024-12-05,SKU028,WH2,87.0,395.0
2024-11-25,SKU042,WH1,18.0,436.0
2025-10-09,SKU025,WH4,36.0,581.0
2024-08-08,SKU050,WH1,84.0,665.0
2025-09-26,SKU026,WH1,67.0,993.0
2025-05-11,SKU033,WH3,34.0,782.0
2025-04-15,SKU025,WH2,88.0,333.0
2024-02-23,SKU038,WH4,54.0,787.0
2025-06-28,SKU021,WH3,,920.0
2025-01-15,SKU017,WH1,4.0,828.0
2025-05-22,SKU010,WH1,53.0,355.0
2025-01-24,SKU027,WH2,34.0,267.0
2025-04-12,SKU026,WH3,3.0,797.0
2024-03-26,SKU029,WH3,5.0,828.0
2025-11-10,SKU042,WH1,67.0,959.0
2024-04-14,SKU018,WH4,8.0,181.0
2025-05-19,SKU023,WH3,45.0,876.0
2025-11-14,SKU043,WH1,78.0,357.0
2024-12-26,SKU021,WH2,2.0,412.0
2025-06-05,SKU025,WH1,10.0,949.0
2025-03-27,SKU013,WH2,95.0,496.0
2025-05-02,SKU027,WH1,93.0,152.0
2025-02-27,SKU001,WH2,73.0,641.0
2024-06-14,SKU038,WH1,55.0,706.0
2024-12-05,SKU044,WH3,11.0,711.0
2024-10-16,SKU006,WH2,58.0,540.0
2025-07-31,SKU030,WH3,16.0,756.0
2025-07-30,SKU016,WH1,43.0,396.0
2025-10-11,SKU028,WH1,70.0,137.0
2024-01-03,SKU015,WH1,28.0,374.0
2024-11-13,SKU043,WH1,3.0,174.0
2025-04-27,SKU009,WH2,33.0,463.0
2025-11-23,SKU008,WH1,3.0,934.0
2024-05-27,SKU020,WH2,99999.0,982.0
2025-07-04,SKU017,WH5,22.0,625.0
2025-06-29,SKU018,WH3,72.0,163.0
2024-11-11,SKU012,WH4,86.0,
2024-05-10,SKU026,WH3,39.0,805.0
2025-09-03,SKU001,WH1,4.0,193.0
2025-06-27,SKU021,WH3,37.0,651.0
2024-09-11,SKU040,WH3,93.0,922.0
2024-04-20,SKU016,WH2,41.0,405.0
2025-08-02,SKU031,WH2,33.0,212.0
2024-09-01,SKU040,WH3,81.0,835.0
2024-04-09,SKU046,WH3,14.0,944.0
2024-02-26,SKU030,WH3,28.0,882.0
2025-08-14,SKU011,WH1,76.0,117.0
2024-03-21,SKU011,WH5,52.0,658.0
2024-07-22,SKU009,WH2,14.0,140.0
2025-11-18,SKU032,WH3,64.0,280.0
2024-11-12,SKU037,WH3,40.0,877.0
2024-11-28,SKU016,WH3,18.0,434.0
2024-02-20,SKU033,WH4,68.0,945.0
2024-05-15,SKU042,WH3,31.0,422.0
2025-12-30,SKU044,WH2,30.0,113.0
2024-05-03,SKU035,WH2,32.0,347.0
2025-01-22,SKU037,WH5,70.0,174.0
2024-09-06,SKU031,WH2,81.0,938.0
2025-07-04,SKU002,WH4,30.0,393.0
2024-09-29,SKU039,WH3,43.0,356.0
2025-12-07,SKU030,WH2,84.0,538.0
2025-11-22,SKU011,WH2,93.0,695.0
2025-12-16,SKU032,WH4,90.0,459.0
2025-06-03,SKU040,WH2,49.0,770.0
2025-02-16,SKU043,WH2,56.0,187.0
2024-04-07,SKU025,WH3,44.0,932.0
2024-07-12,SKU029,WH2,11.0,991.0
2024-06-25,SKU030,WH1,57.0,398.0
2025-09-26,SKU049,WH2,50.0,996.0
2024-01-02,SKU040,WH3,11.0,526.0
2025-05-14,SKU023,WH1,43.0,382.0
2025-07-17,SKU043,WH3,50.0,829.0
2024-11-20,SKU028,WH2,79.0,805.0
2025-04-19,SKU035,WH1,51.0,130.0
2024-03-30,SKU038,WH4,31.0,484.0
2025-02-02,SKU008,WH1,89.0,130.0
2024-02-25,SKU050,WH5,13.0,473.0
2025-02-19,SKU001,WH5,,712.0
2025-01-13,SKU006,WH3,,338.0
2024-08-22,SKU044,WH3,71.0,708.0
2025-05-02,SKU016,WH2,95.0,773.0
2024-05-19,SKU030,WH1,6.0,406.0
2025-04-02,SKU005,WH3,6.0,339.0
2024-01-29,SKU012,WH2,29.0,135.0
2024-05-30,SKU032,WH3,23.0,796.0
2024-06-11,SKU001,WH4,45.0,876.0
2025-08-03,SKU035,WH2,15.0,611.0
2025-11-20,SKU037,WH2,99999.0,488.0
2024-12-27,SKU027,WH4,63.0,878.0
2024-04-05,SKU037,WH3,46.0,343.0
2025-10-26,SKU037,WH4,44.0,998.0
2024-10-17,SKU034,WH2,82.0,395.0
2024-03-02,SKU034,WH1,87.0,425.0
2024-03-05,SKU033,WH3,78.0,840.0
2025-08-25,SKU048,WH5,52.0,431.0
2024-09-28,SKU050,WH2,89.0,484.0
2025-05-07,SKU016,WH3,10.0,618.0
2025-12-01,SKU043,WH2,40.0,899.0
2025-06-07,SKU006,WH5,70.0,281.0
2025-04-13,SKU033,WH2,26.0,557.0
2024-02-05,SKU021,WH2,15.0,573.0
2024-06-08,SKU023,WH1,40.0,437.0
2024-05-22,SKU025,WH2,99999.0,631.0
2024-04-08,SKU046,WH2,62.0,853.0
2025-09-26,SKU028,WH2,38.0,300.0
2024-09-27,SKU010,WH1,9.0,316.0
2025-11-03,SKU034,WH3,69.0,324.0
2024-01-22,SKU025,WH3,51.0,806.0
2024-07-16,SKU017,WH3,19.0,290.0
2025-07-30,SKU013,WH3,9.0,987.0
2024-08-06,SKU031,WH2,99999.0,667.0
2025-03-18,SKU037,WH1,16.0,952.0
2024-08-05,SKU002,WH2,32.0,137.0
2025-06-14,SKU049,WH2,64.0,496.0
2024-07-05,SKU021,WH2,84.0,253.0
2024-06-10,SKU031,WH3,71.0,187.0
2025-05-12,SKU012,WH2,9.0,572.0
2025-08-23,SKU021,WH3,3.0,731.0
2024-11-07,SKU001,WH5,19.0,295.0
2025-12-31,SKU003,WH2,36.0,131.0
2025-07-11,SKU026,WH2,,
2024-01-26,SKU045,WH3,5.0,401.0
2025-03-13,SKU007,WH2,50.0,287.0
2024-02-03,SKU048,WH1,82.0,144.0
2024-07-06,SKU043,WH3,11.0,918.0
2025-11-15,SKU016,WH2,73.0,426.0
2025-10-25,SKU004,WH1,,334.0
2025-02-07,SKU004,WH5,87.0,952.0
2024-05-24,SKU010,WH1,34.0,594.0
2025-08-08,SKU019,WH2,58.0,700.0
2025-03-21,SKU022,WH1,49.0,207.0
2024-11-25,SKU001,WH1,35.0,633.0
2025-06-24,SKU033,WH2,89.0,311.0
2025-09-10,SKU039,WH1,85.0,787.0
2025-03-17,SKU034,WH4,9.0,600.0
2025-01-15,SKU018,WH3,79.0,750.0
2025-09-29,SKU006,WH3,65.0,425.0
2025-12-17,SKU033,WH2,83.0,636.0
2024-12-23,SKU010,WH2,46.0,156.0
2024-09-26,SKU039,WH3,28.0,488.0
2025-03-27,SKU007,WH4,55.0,565.0
2025-07-05,SKU029,WH2,61.0,998.0
2024-03-06,SKU032,WH3,87.0,181.0
2025-02-21,SKU028,WH1,60.0,877.0
2025-09-22,SKU020,WH5,56.0,847.0
2024-11-16,SKU021,WH1,2.0,453.0
2025-11-07,SKU010,WH1,68.0,602.0
2025-05-25,SKU048,WH2,86.0,948.0
2024-12-23,SKU025,WH1,27.0,926.0
2025-11-23,SKU044,WH1,98.0,702.0
2025-03-31,SKU044,WH3,73.0,438.0
2024-07-31,SKU033,WH5,50.0,559.0
2024-10-28,SKU050,WH5,,857.0
2025-05-18,SKU021,WH2,46.0,915.0
2025-08-24,SKU038,WH2,27.0,565.0
2024-01-30,SKU016,WH1,74.0,923.0
2024-01-20,SKU013,WH3,4.0,390.0
2024-06-01,SKU013,WH4,27.0,869.0
2025-11-07,SKU020,WH3,28.0,107.0
2024-05-30,SKU027,WH2,50.0,340.0
2024-07-18,SKU003,WH3,84.0,483.0
2025-01-20,SKU028,WH5,20.0,923.0
2025-10-31,SKU013,WH2,70.0,244.0
2025-05-07,SKU022,WH1,88.0,
2025-05-05,SKU046,WH1,42.0,619.0
2025-02-28,SKU014,WH4,5.0,874.0
2024-11-15,SKU010,WH4,1.0,232.0
2024-06-13,SKU041,WH5,91.0,567.0
2025-05-09,SKU027,WH2,30.0,428.0
2024-11-11,SKU017,WH5,78.0,694.0
2025-09-02,SKU035,WH3,55.0,616.0
2024-12-01,SKU030,WH2,90.0,475.0
2024-05-25,SKU030,WH5,31.0,456.0
2024-05-14,SKU010,WH1,80.0,294.0
2025-01-21,SKU010,WH1,14.0,155.0
2024-03-18,SKU017,WH4,14.0,947.0
2024-10-26,SKU044,WH2,72.0,476.0
2025-07-10,SKU015,WH4,23.0,455.0
2025-07-18,SKU020,WH5,5.0,479.0
2025-08-21,SKU036,WH2,57.0,948.0
2025-12-13,SKU021,WH2,,232.0
2024-05-15,SKU020,WH4,21.0,469.0
2024-05-14,SKU025,WH2,,504.0
2025-12-09,SKU031,WH5,11.0,552.0
2024-03-01,SKU013,WH1,59.0,359.0
2025-03-10,SKU001,WH3,3.0,798.0
2024-03-24,SKU026,WH1,,170.0
2025-11-26,SKU038,WH2,98.0,960.0
2024-08-22,SKU050,WH3,13.0,318.0
2024-02-14,SKU023,WH2,8.0,419.0
2025-02-18,SKU004,WH2,65.0,375.0
2025-04-27,SKU019,WH5,29.0,820.0
2024-12-24,SKU008,WH1,32.0,752.0
2025-09-25,SKU047,WH4,38.0,336.0
2024-10-11,SKU040,WH2,41.0,884.0
2025-06-17,SKU019,WH2,1.0,482.0
2025-07-07,SKU045,WH4,84.0,
2025-08-14,SKU003,WH4,77.0,851.0
2025-04-25,SKU027,WH3,14.0,155.0
2024-03-17,SKU050,WH1,28.0,135.0
2025-01-27,SKU030,WH3,27.0,375.0
2025-12-03,SKU049,WH3,50.0,966.0
2024-09-04,SKU039,WH2,8.0,593.0
2024-07-04,SKU039,WH1,43.0,230.0
2025-01-05,SKU043,WH1,98.0,756.0
2024-06-26,SKU028,WH3,94.0,600.0
2024-01-30,SKU001,WH3,93.0,231.0
2025-10-15,SKU048,WH1,34.0,926.0
2025-08-16,SKU013,WH2,15.0,697.0
2025-02-16,SKU031,WH2,23.0,141.0
2025-01-08,SKU013,WH3,35.0,956.0
2025-05-12,SKU014,WH3,8.0,553.0
2025-09-23,SKU003,WH1,42.0,891.0
2024-03-22,SKU023,WH1,68.0,323.0
2024-05-03,SKU027,WH1,83.0,187.0
2024-07-27,SKU005,WH4,30.0,983.0
2025-01-22,SKU044,WH3,8.0,819.0
2024-09-21,SKU033,WH2,48.0,696.0
2024-04-05,SKU022,WH2,74.0,989.0
2025-11-08,SKU038,WH1,76.0,969.0
2024-01-30,SKU044,WH2,92.0,524.0
2025-10-26,SKU003,WH1,22.0,491.0
2025-11-19,SKU002,WH5,7.0,682.0
2025-06-14,SKU021,WH1,65.0,820.0
2024-09-10,SKU036,WH3,54.0,900.0
2024-05-04,SKU004,WH2,73.0,247.0
2024-04-25,SKU024,WH3,51.0,357.0
2025-12-04,SKU016,WH1,62.0,205.0
2024-10-06,SKU003,WH2,96.0,812.0
2025-02-02,SKU025,WH1,22.0,563.0
2024-02-05,SKU023,WH2,78.0,541.0
2025-09-02,SKU034,WH3,21.0,924.0
2024-03-20,SKU024,WH3,7.0,346.0
2025-10-08,SKU039,WH1,84.0,961.0
2024-01-16,SKU022,WH5,6.0,851.0
2024-06-28,SKU044,WH3,96.0,685.0
2024-10-09,SKU046,WH2,80.0,923.0
2024-02-19,SKU020,WH4,,287.0
2025-02-23,SKU003,WH2,28.0,966.0
2024-04-25,SKU018,WH4,8.0,616.0
2024-02-17,SKU047,WH1,89.0,254.0
2024-10-19,SKU021,WH4,72.0,683.0
2024-03-25,SKU006,WH3,31.0,169.0
2025-08-25,SKU018,WH1,48.0,465.0
2024-04-18,SKU046,WH1,57.0,164.0
2025-05-02,SKU024,WH3,67.0,960.0
2025-06-30,SKU037,WH4,20.0,
2024-09-06,SKU032,WH2,51.0,752.0
2025-06-01,SKU038,WH1,44.0,105.0
2025-12-17,SKU037,WH2,9.0,473.0
2024-05-16,SKU038,WH4,,903.0
2025-04-23,SKU048,WH3,47.0,338.0
2025-06-13,SKU014,WH2,32.0,630.0
2024-04-22,SKU028,WH1,4.0,770.0
2025-02-22,SKU024,WH3,77.0,514.0
2025-06-11,SKU045,WH3,58.0,447.0
2024-02-11,SKU005,WH3,3.0,
2025-08-12,SKU049,WH3,68.0,265.0
2024-10-20,SKU028,WH1,,994.0
2024-08-12,SKU048,WH4,85.0,558.0
2025-05-29,SKU036,WH2,79.0,295.0
2024-02-07,SKU022,WH1,93.0,573.0
2024-06-17,SKU015,WH1,78.0,790.0
2025-11-20,SKU032,WH5,99.0,350.0
2025-06-01,SKU039,WH2,66.0,668.0
2024-10-07,SKU029,WH1,46.0,570.0
2025-07-24,SKU008,WH2,27.0,850.0
2024-01-22,SKU038,WH1,61.0,972.0
2025-06-17,SKU022,WH2,95.0,506.0
2024-05-06,SKU012,WH2,85.0,726.0
2025-03-05,SKU013,WH3,97.0,692.0
2024-09-16,SKU016,WH1,,
2025-10-13,SKU045,WH5,27.0,230.0
2025-03-09,SKU016,WH3,27.0,136.0
2024-05-19,SKU027,WH2,94.0,244.0
2025-01-10,SKU020,WH4,33.0,504.0
2024-01-23,SKU011,WH2,61.0,627.0
2024-12-13,SKU045,WH3,43.0,
2025-09-30,SKU037,WH2,73.0,
2024-08-22,SKU010,WH2,34.0,993.0
2024-03-28,SKU013,WH1,83.0,309.0
2024-05-27,SKU036,WH4,50.0,845.0
2025-09-17,SKU043,WH1,58.0,177.0
2025-11-29,SKU038,WH3,26.0,476.0
2024-06-27,SKU035,WH3,46.0,570.0
2025-08-30,SKU040,WH3,5.0,415.0
2024-04-30,SKU011,WH3,,752.0
2025-04-05,SKU039,WH4,34.0,830.0
2024-01-29,SKU035,WH1,68.0,469.0
2025-03-23,SKU046,WH4,89.0,541.0
2025-09-04,SKU050,WH2,100.0,827.0
2024-08-12,SKU040,WH4,42.0,872.0
2025-11-27,SKU004,WH1,1.0,520.0
2024-11-23,SKU040,WH1,73.0,649.0
2024-12-22,SKU024,WH2,77.0,971.0
2024-05-23,SKU012,WH2,27.0,828.0
2024-10-25,SKU037,WH1,58.0,452.0
2025-10-06,SKU007,WH1,33.0,614.0
2024-06-27,SKU021,WH2,6.0,560.0
2025-11-28,SKU008,WH4,47.0,152.0
2024-04-07,SKU014,WH5,83.0,702.0
2025-07-24,SKU020,WH2,89.0,318.0
2025-04-01,SKU028,WH5,100.0,531.0
2024-08-25,SKU049,WH4,55.0,395.0
2024-12-21,SKU037,WH2,13.0,350.0
2025-07-21,SKU049,WH3,24.0,695.0
2025-04-07,SKU030,WH3,28.0,595.0
2025-11-22,SKU021,WH1,81.0,991.0
2024-12-20,SKU043,WH3,68.0,433.0
2025-01-29,SKU026,WH1,55.0,380.0
2024-06-29,SKU025,WH2,2.0,370.0
2025-07-27,SKU008,WH1,44.0,503.0
2024-11-02,SKU026,WH4,57.0,943.0
2025-06-09,SKU007,WH2,22.0,666.0
2025-12-29,SKU042,WH2,51.0,186.0
2025-11-03,SKU047,WH3,52.0,442.0
2025-11-30,SKU032,WH2,60.0,529.0
2025-06-04,SKU028,WH4,29.0,385.0
2025-03-19,SKU003,WH2,92.0,452.0
2025-05-18,SKU027,WH1,76.0,644.0
2025-04-12,SKU026,WH1,50.0,917.0
2025-03-16,SKU004,WH3,60.0,399.0
2025-08-21,SKU047,WH5,56.0,113.0
2025-07-01,SKU013,WH3,,899.0
2024-03-17,SKU009,WH3,25.0,976.0
2025-06-13,SKU025,WH3,60.0,108.0
2025-08-12,SKU022,WH4,89.0,928.0
2024-09-10,SKU040,WH1,73.0,535.0
2025-11-08,SKU001,WH2,54.0,939.0
2025-05-16,SKU044,WH3,25.0,121.0
2024-05-17,SKU045,WH4,86.0,134.0
2024-02-04,SKU036,WH4,43.0,
2024-09-07,SKU007,WH1,60.0,850.0
2024-12-09,SKU049,WH1,62.0,187.0
2024-03-02,SKU042,WH3,46.0,124.0
2024-03-01,SKU034,WH1,12.0,930.0
2024-05-17,SKU034,WH2,59.0,271.0
2024-01-05,SKU033,WH5,48.0,974.0
2024-07-22,SKU050,WH3,57.0,603.0
2025-12-31,SKU019,WH1,35.0,164.0
2024-01-26,SKU016,WH2,99999.0,169.0
2025-09-15,SKU038,WH1,46.0,109.0
2024-12-26,SKU049,WH3,16.0,785.0
2025-01-29,SKU026,WH5,100.0,231.0
2024-07-03,SKU022,WH3,48.0,436.0
2025-09-17,SKU020,WH4,82.0,608.0
2024-04-10,SKU031,WH4,8.0,390.0
2025-09-06,SKU036,WH3,35.0,919.0
2024-09-27,SKU017,WH3,20.0,766.0
2024-09-20,SKU024,WH3,78.0,489.0
2024-10-12,SKU029,WH3,96.0,327.0
2024-01-16,SKU034,WH1,25.0,732.0
2025-03-06,SKU018,WH1,21.0,976.0
2024-11-08,SKU020,WH1,99999.0,195.0
2025-02-02,SKU021,WH1,62.0,801.0
2025-04-26,SKU008,WH1,58.0,273.0
2025-01-22,SKU049,WH4,68.0,168.0
2024-05-20,SKU010,WH1,61.0,925.0
2025-09-12,SKU005,WH5,48.0,387.0
2024-08-30,SKU050,WH1,67.0,390.0
2024-05-14,SKU046,WH1,15.0,772.0
2025-02-20,SKU020,WH3,7.0,888.0
2025-07-18,SKU006,WH2,,303.0
2025-05-01,SKU028,WH1,8.0,848.0
2024-02-21,SKU009,WH1,49.0,391.0
2024-06-07,SKU013,WH3,38.0,162.0
2025-04-07,SKU023,WH3,70.0,156.0
2025-05-03,SKU035,WH3,26.0,191.0
2024-05-17,SKU015,WH3,87.0,808.0
2024-07-13,SKU011,WH2,78.0,530.0
2024-05-17,SKU024,WH3,50.0,334.0
2025-04-11,SKU030,WH1,1.0,248.0
2025-08-11,SKU036,WH2,49.0,148.0
2024-05-02,SKU028,WH4,30.0,440.0
2025-03-28,SKU004,WH2,2.0,211.0
2025-03-20,SKU046,WH4,89.0,916.0
2024-04-07,SKU010,WH1,27.0,601.0
2024-08-19,SKU018,WH2,57.0,664.0
2024-07-26,SKU034,WH1,97.0,100.0
2024-04-15,SKU022,WH2,86.0,549.0
2025-07-02,SKU028,WH3,16.0,875.0
2024-09-30,SKU003,WH2,36.0,531.0
2024-10-20,SKU036,WH2,23.0,160.0
2024-10-23,SKU033,WH3,7.0,719.0
2025-05-05,SKU001,WH1,,603.0
2024-12-22,SKU022,WH2,32.0,296.0
2024-11-16,SKU034,WH1,36.0,187.0
2025-03-22,SKU031,WH2,27.0,993.0
2024-03-25,SKU003,WH3,28.0,282.0
2025-09-08,SKU008,WH3,91.0,673.0
2024-04-13,SKU015,WH3,9.0,406.0
2025-02-02,SKU022,WH2,24.0,613.0
2025-12-05,SKU047,WH1,30.0,814.0
2025-05-26,SKU034,WH1,68.0,314.0
2025-05-11,SKU037,WH2,11.0,433.0
2025-06-16,SKU024,WH3,75.0,935.0
2024-03-26,SKU006,WH2,17.0,566.0
2025-06-11,SKU023,WH1,77.0,641.0
2024-03-19,SKU013,WH4,24.0,492.0
2025-12-27,SKU019,WH2,4.0,
2024-07-01,SKU012,WH4,52.0,418.0
2025-04-13,SKU019,WH1,64.0,272.0
2024-10-20,SKU031,WH1,7.0,514.0
2024-07-01,SKU012,WH3,43.0,314.0
2025-07-26,SKU030,WH3,64.0,109.0
2025-12-31,SKU034,WH5,90.0,762.0
2025-05-30,SKU043,WH2,51.0,419.0
2025-07-19,SKU036,WH2,25.0,739.0
2024-07-09,SKU004,WH2,86.0,575.0
2025-07-23,SKU050,WH5,52.0,645.0
2025-11-03,SKU019,WH2,28.0,710.0
2024-12-30,SKU037,WH3,84.0,177.0
2025-10-06,SKU022,WH4,47.0,197.0
2024-05-03,SKU034,WH3,41.0,815.0
2025-01-05,SKU027,WH2,10.0,
2025-05-06,SKU048,WH5,76.0,489.0
2025-11-20,SKU048,WH1,80.0,506.0
2024-01-08,SKU011,WH1,21.0,550.0
2025-06-22,SKU050,WH1,54.0,725.0
2025-05-15,SKU049,WH2,77.0,489.0
2025-09-29,SKU007,WH1,40.0,131.0
2024-11-05,SKU039,WH2,42.0,956.0
2025-06-16,SKU035,WH3,74.0,542.0
2024-03-12,SKU044,WH3,,973.0
2024-01-30,SKU014,WH2,53.0,952.0
2025-05-10,SKU027,WH1,52.0,222.0
2024-02-09,SKU014,WH3,69.0,370.0
2024-03-27,SKU027,WH3,34.0,101.0
2024-11-01,SKU011,WH2,76.0,565.0
2025-04-22,SKU035,WH3,46.0,212.0
2025-03-10,SKU001,WH1,17.0,
2025-12-04,SKU005,WH3,68.0,590.0
2024-08-12,SKU009,WH3,18.0,233.0
2024-01-29,SKU028,WH2,79.0,444.0
2024-08-25,SKU001,WH3,56.0,709.0
2025-06-23,SKU012,WH2,74.0,275.0
2024-02-11,SKU031,WH1,78.0,395.0
2025-08-14,SKU043,WH1,90.0,934.0
2025-01-15,SKU008,WH5,87.0,220.0
2025-02-28,SKU012,WH1,16.0,428.0
2025-12-19,SKU016,WH2,10.0,256.0
2025-03-04,SKU047,WH1,44.0,283.0
2025-01-19,SKU016,WH2,42.0,506.0
2025-02-19,SKU031,WH1,82.0,305.0
2025-04-18,SKU046,WH4,8.0,721.0
2024-12-23,SKU032,WH2,82.0,950.0
2025-10-27,SKU036,WH5,81.0,853.0
2025-12-30,SKU007,WH1,31.0,944.0
2025-02-20,SKU043,WH1,32.0,928.0
2025-04-07,SKU001,WH1,11.0,293.0
2025-02-15,SKU003,WH1,82.0,775.0
2024-04-15,SKU024,WH2,,204.0
2024-01-03,SKU032,WH5,76.0,301.0
2025-12-25,SKU042,WH3,32.0,836.0
2025-01-14,SKU033,WH5,16.0,604.0
2024-11-16,SKU039,WH3,48.0,332.0
2025-07-15,SKU001,WH3,47.0,303.0
2024-07-14,SKU022,WH3,23.0,410.0
2025-01-04,SKU048,WH3,71.0,309.0
2025-03-23,SKU040,WH5,53.0,214.0
2024-06-10,SKU005,WH3,81.0,507.0
2024-10-16,SKU031,WH2,48.0,268.0
2024-01-12,SKU003,WH1,58.0,744.0
2025-01-04,SKU039,WH1,32.0,693.0
2025-11-01,SKU012,WH1,90.0,
2025-08-22,SKU030,WH5,92.0,
2025-05-09,SKU027,WH4,93.0,439.0
2025-04-05,SKU042,WH1,75.0,800.0
2024-05-29,SKU026,WH3,50.0,933.0
2025-05-15,SKU037,WH3,94.0,321.0
2024-12-22,SKU047,WH2,57.0,869.0
2025-10-18,SKU013,WH2,66.0,663.0
2025-04-13,SKU014,WH2,12.0,997.0
2024-08-28,SKU013,WH3,94.0,292.0
2025-07-05,SKU020,WH1,25.0,408.0
2025-05-25,SKU024,WH2,2.0,266.0
2024-06-07,SKU020,WH2,9.0,710.0
2024-03-02,SKU032,WH3,69.0,634.0
2024-06-27,SKU033,WH2,27.0,437.0
2025-11-03,SKU014,WH3,15.0,666.0
2025-03-02,SKU019,WH3,99999.0,671.0
2025-07-14,SKU005,WH2,10.0,710.0
2024-02-11,SKU049,WH3,14.0,127.0
2024-08-13,SKU012,WH1,55.0,689.0
2025-09-29,SKU001,WH5,1.0,127.0
2025-06-05,SKU029,WH3,81.0,309.0
2025-12-15,SKU003,WH2,,629.0
2024-09-11,SKU008,WH3,48.0,955.0
2025-05-14,SKU019,WH3,79.0,797.0
2024-11-19,SKU049,WH2,36.0,985.0
2025-06-27,SKU026,WH1,49.0,827.0
2024-09-01,SKU019,WH2,42.0,610.0
2024-11-01,SKU028,WH3,,402.0
2025-03-08,SKU028,WH3,46.0,438.0
2024-12-12,SKU022,WH1,77.0,413.0
2024-09-22,SKU034,WH3,1.0,610.0
2025-09-11,SKU029,WH3,10.0,767.0
2024-06-24,SKU005,WH5,89.0,414.0
2024-08-21,SKU005,WH2,71.0,114.0
2025-04-23,SKU048,WH5,43.0,715.0
2025-09-25,SKU006,WH1,35.0,545.0
2024-05-23,SKU040,WH1,94.0,755.0
2025-07-30,SKU044,WH5,57.0,
2024-09-28,SKU031,WH2,63.0,967.0
2024-05-13,SKU025,WH2,86.0,
2025-11-14,SKU005,WH3,23.0,959.0
2025-04-07,SKU035,WH5,14.0,661.0
2024-10-17,SKU045,WH5,82.0,559.0
2025-08-13,SKU035,WH2,74.0,485.0
2025-05-17,SKU039,WH3,68.0,751.0
2025-03-22,SKU011,WH1,36.0,791.0
2025-01-17,SKU043,WH3,95.0,927.0
2025-12-17,SKU001,WH4,46.0,375.0
2025-06-24,SKU034,WH2,,945.0
2024-12-21,SKU003,WH2,74.0,384.0
2024-09-07,SKU008,WH4,18.0,510.0
2025-07-07,SKU001,WH3,6.0,579.0
2025-02-21,SKU034,WH1,17.0,442.0
2025-05-16,SKU019,WH2,42.0,469.0
2024-01-26,SKU029,WH3,3.0,299.0
2024-02-16,SKU028,WH3,94.0,
2025-10-25,SKU009,WH1,31.0,911.0
2025-08-08,SKU047,WH4,46.0,686.0
2024-06-29,SKU030,WH3,40.0,384.0
2025-04-15,SKU024,WH4,37.0,692.0
2024-07-01,SKU024,WH1,13.0,599.0
2025-07-16,SKU041,WH4,77.0,913.0
2024-09-17,SKU035,WH2,44.0,741.0
2025-10-03,SKU009,WH2,19.0,459.0
2025-03-28,SKU037,WH3,34.0,539.0
2025-09-05,SKU045,WH3,4.0,177.0
2024-11-18,SKU002,WH3,90.0,124.0
2024-04-01,SKU018,WH1,61.0,761.0
2025-11-06,SKU031,WH3,18.0,212.0
2025-07-19,SKU022,WH2,82.0,636.0
2025-06-30,SKU027,WH1,8.0,919.0
2024-10-08,SKU027,WH2,30.0,266.0
2025-07-11,SKU044,WH1,85.0,747.0
2025-04-30,SKU012,WH2,33.0,265.0
2025-10-14,SKU042,WH1,6.0,985.0
2025-09-02,SKU032,WH1,15.0,462.0
2024-08-28,SKU010,WH2,16.0,841.0
2025-01-28,SKU020,WH1,40.0,970.0
2024-02-07,SKU034,WH3,84.0,536.0
2025-03-20,SKU024,WH2,88.0,517.0
2024-12-27,SKU016,WH4,20.0,475.0
2024-04-22,SKU045,WH4,56.0,199.0
2024-08-29,SKU004,WH3,,492.0
2024-05-30,SKU015,WH2,38.0,114.0
2024-02-12,SKU017,WH2,23.0,131.0
2024-07-29,SKU025,WH4,27.0,143.0
2025-11-20,SKU018,WH2,62.0,264.0
2024-02-09,SKU010,WH2,52.0,914.0
2024-11-08,SKU009,WH3,41.0,695.0
2025-07-14,SKU015,WH1,8.0,572.0
2024-02-06,SKU003,WH1,21.0,550.0
2025-08-22,SKU028,WH5,100.0,982.0
2024-10-28,SKU048,WH3,50.0,444.0
2025-05-20,SKU023,WH3,43.0,529.0
2024-10-16,SKU043,WH1,85.0,738.0
2025-07-31,SKU026,WH2,77.0,759.0
2024-10-23,SKU022,WH2,20.0,937.0
2025-07-30,SKU010,WH2,62.0,448.0
2024-06-27,SKU033,WH1,44.0,634.0
2024-05-03,SKU044,WH5,44.0,850.0
2025-03-06,SKU012,WH3,,339.0
2025-10-22,SKU031,WH3,93.0,363.0
2025-01-17,SKU042,WH3,99.0,940.0
2025-06-29,SKU033,WH2,94.0,936.0
2024-04-13,SKU041,WH1,61.0,433.0
2024-05-07,SKU007,WH2,46.0,280.0
2025-10-24,SKU028,WH4,73.0,836.0
2025-03-28,SKU009,WH2,84.0,506.0
2025-10-12,SKU019,WH3,11.0,801.0
2024-01-24,SKU018,WH2,49.0,635.0
2024-04-01,SKU045,WH2,39.0,619.0
2025-05-21,SKU013,WH3,99999.0,552.0
2025-03-29,SKU016,WH1,73.0,994.0
2024-05-07,SKU012,WH1,10.0,363.0
2024-10-26,SKU016,WH1,73.0,711.0
2025-12-20,SKU033,WH2,37.0,694.0
2025-04-30,SKU049,WH1,8.0,500.0
2025-08-29,SKU048,WH3,6.0,815.0
2024-12-05,SKU038,WH3,58.0,607.0
2024-02-18,SKU030,WH1,57.0,199.0
2024-01-12,SKU025,WH2,50.0,268.0
2024-08-23,SKU012,WH2,21.0,763.0
2025-09-28,SKU022,WH1,4.0,668.0
2025-08-19,SKU016,WH1,9.0,
2024-06-24,SKU027,WH5,43.0,250.0
2024-03-13,SKU027,WH1,35.0,853.0
2024-12-01,SKU040,WH2,98.0,835.0
2024-11-19,SKU021,WH3,8.0,487.0
2024-07-16,SKU038,WH2,25.0,189.0
2025-08-02,SKU043,WH2,51.0,950.0
2025-09-27,SKU020,WH1,61.0,239.0
2025-10-14,SKU041,WH3,94.0,627.0
2024-01-16,SKU037,WH1,80.0,309.0
2025-04-03,SKU038,WH1,46.0,697.0
2025-06-26,SKU006,WH4,80.0,537.0
2025-02-06,SKU018,WH3,19.0,971.0
2025-04-17,SKU049,WH2,92.0,556.0
2024-05-22,SKU045,WH2,29.0,
2024-03-13,SKU026,WH2,68.0,282.0
2025-09-11,SKU025,WH3,35.0,992.0
2025-05-20,SKU042,WH3,84.0,390.0
2025-01-21,SKU044,WH5,6.0,432.0
2025-11-30,SKU036,WH2,5.0,965.0
2025-06-04,SKU002,WH5,6.0,301.0
2024-09-20,SKU005,WH4,,510.0
2024-02-08,SKU002,WH2,47.0,124.0
2025-05-12,SKU022,WH3,66.0,955.0
2024-01-02,SKU019,WH2,96.0,177.0
2024-04-07,SKU009,WH2,86.0,915.0
2024-06-24,SKU046,WH5,83.0,443.0
2025-12-30,SKU002,WH3,16.0,957.0
2024-06-26,SKU030,WH2,51.0,593.0
2024-02-29,SKU025,WH4,99.0,625.0
2025-01-06,SKU047,WH2,51.0,
2025-02-27,SKU050,WH4,15.0,
2025-09-01,SKU025,WH1,85.0,948.0
2025-12-24,SKU016,WH2,95.0,442.0
2024-08-27,SKU021,WH2,55.0,943.0
2025-01-12,SKU041,WH1,14.0,269.0
2025-01-15,SKU045,WH3,34.0,474.0
2024-06-19,SKU037,WH4,25.0,912.0
2024-05-31,SKU023,WH1,77.0,543.0
2025-02-25,SKU005,WH1,65.0,246.0
2025-03-24,SKU046,WH3,42.0,280.0
2024-08-22,SKU011,WH4,54.0,547.0
2024-09-21,SKU035,WH3,78.0,232.0
2025-05-06,SKU022,WH1,91.0,887.0
2025-11-24,SKU005,WH3,58.0,189.0
2025-05-24,SKU023,WH1,25.0,494.0
2024-07-17,SKU041,WH2,59.0,213.0
2025-01-31,SKU047,WH3,58.0,805.0
2025-07-06,SKU045,WH2,40.0,322.0
2025-07-08,SKU002,WH1,86.0,478.0
2024-10-03,SKU028,WH5,29.0,602.0
2024-07-15,SKU043,WH3,85.0,246.0
2025-11-14,SKU035,WH2,86.0,620.0
2025-08-31,SKU013,WH5,85.0,
2025-11-10,SKU040,WH3,41.0,786.0
2024-10-18,SKU001,WH1,89.0,478.0
2025-11-29,SKU042,WH2,29.0,997.0
2025-08-31,SKU020,WH2,44.0,339.0
2024-06-27,SKU033,WH1,95.0,375.0
2025-10-13,SKU039,WH4,85.0,247.0
2024-01-01,SKU049,WH3,20.0,
2025-07-02,SKU004,WH3,57.0,163.0
2024-09-18,SKU007,WH5,42.0,258.0
2025-05-13,SKU009,WH4,65.0,929.0
2024-03-24,SKU015,WH2,70.0,397.0
2024-05-16,SKU045,WH3,10.0,964.0
2025-12-06,SKU028,WH5,13.0,402.0
2025-03-31,SKU036,WH2,99999.0,919.0
2024-02-16,SKU034,WH3,69.0,954.0
2024-02-12,SKU010,WH3,1.0,375.0
2024-04-04,SKU048,WH4,37.0,792.0
2024-06-17,SKU010,WH3,89.0,804.0
2025-02-04,SKU012,WH1,90.0,551.0
2024-10-23,SKU034,WH1,34.0,262.0
2024-12-28,SKU040,WH3,23.0,443.0
2025-10-25,SKU032,WH1,46.0,177.0
2025-07-07,SKU024,WH3,47.0,622.0
2024-03-11,SKU037,WH2,20.0,626.0
2024-04-08,SKU021,WH2,86.0,338.0
2024-06-24,SKU014,WH2,88.0,686.0
2025-02-10,SKU014,WH1,61.0,514.0
2024-03-10,SKU008,WH2,56.0,
2025-09-03,SKU039,WH1,28.0,567.0
2025-08-04,SKU004,WH3,10.0,891.0
2024-08-18,SKU011,WH1,67.0,780.0
2024-09-02,SKU039,WH4,29.0,471.0
2024-03-01,SKU021,WH2,27.0,112.0
2024-01-27,SKU037,WH3,69.0,377.0
2025-06-09,SKU046,WH3,26.0,814.0
2024-03-18,SKU019,WH2,31.0,625.0
2025-01-24,SKU027,WH5,11.0,879.0
2025-12-29,SKU013,WH3,15.0,616.0
2025-12-28,SKU018,WH2,61.0,595.0
2025-01-14,SKU050,WH3,1.0,
2025-07-15,SKU034,WH2,86.0,170.0
2025-10-31,SKU023,WH4,50.0,133.0
2025-02-02,SKU030,WH2,25.0,787.0
2024-01-06,SKU032,WH3,37.0,109.0
2024-06-29,SKU030,WH3,31.0,103.0
2024-12-31,SKU005,WH2,27.0,686.0
2025-07-18,SKU011,WH2,89.0,751.0
2025-03-18,SKU050,WH3,1.0,
2025-11-25,SKU004,WH1,90.0,890.0
2025-07-31,SKU026,WH3,82.0,212.0
2024-06-06,SKU044,WH4,54.0,915.0
2025-03-21,SKU012,WH4,66.0,153.0
2024-04-08,SKU046,WH5,32.0,993.0
2025-04-17,SKU015,WH4,34.0,539.0
2024-08-03,SKU022,WH1,54.0,152.0
2025-09-04,SKU005,WH1,1.0,203.0
2025-07-14,SKU010,WH5,63.0,740.0
2024-04-22,SKU022,WH2,40.0,782.0
2025-07-05,SKU020,WH2,61.0,932.0
2024-01-08,SKU041,WH1,40.0,886.0
2025-11-17,SKU014,WH1,,921.0
2024-08-08,SKU001,WH1,17.0,786.0
2024-09-04,SKU018,WH3,62.0,883.0
2025-03-31,SKU042,WH2,42.0,128.0
2024-11-28,SKU042,WH2,52.0,718.0
2024-01-01,SKU029,WH2,8.0,445.0
2024-01-10,SKU015,WH4,39.0,629.0
2024-05-26,SKU015,WH3,45.0,
2025-12-24,SKU042,WH2,60.0,518.0
2024-10-11,SKU030,WH1,47.0,741.0
2025-01-27,SKU021,WH2,13.0,381.0
2024-02-09,SKU013,WH1,20.0,723.0
2024-06-16,SKU037,WH1,1.0,955.0
2025-07-31,SKU039,WH3,61.0,471.0
2025-10-25,SKU032,WH4,92.0,706.0
2025-04-04,SKU043,WH2,49.0,729.0
2025-02-12,SKU043,WH3,35.0,509.0
2025-11-14,SKU008,WH1,52.0,872.0
2025-05-27,SKU047,WH2,82.0,857.0
2025-08-16,SKU022,WH4,99999.0,437.0
2025-02-12,SKU005,WH3,12.0,988.0
2025-05-24,SKU026,WH1,7.0,734.0
2025-05-28,SKU040,WH3,43.0,939.0
2025-10-18,SKU031,WH4,3.0,994.0
2024-04-02,SKU012,WH5,27.0,153.0
2025-01-18,SKU005,WH1,73.0,328.0
2024-06-12,SKU002,WH3,51.0,100.0
2024-06-25,SKU012,WH1,,113.0
2024-02-29,SKU022,WH2,91.0,314.0
2025-05-08,SKU004,WH2,,820.0
2025-07-16,SKU026,WH1,28.0,758.0
2024-08-16,SKU043,WH1,55.0,504.0
2024-01-14,SKU050,WH1,74.0,438.0
2025-02-14,SKU035,WH2,46.0,157.0
2024-02-15,SKU040,WH3,93.0,236.0
2025-07-10,SKU029,WH2,87.0,977.0
2025-01-29,SKU016,WH3,40.0,657.0
2024-04-18,SKU013,WH5,63.0,640.0
2025-04-14,SKU006,WH5,55.0,641.0
2024-02-10,SKU048,WH2,97.0,214.0
2025-03-08,SKU035,WH2,40.0,496.0
2024-05-12,SKU049,WH2,14.0,541.0
2025-11-13,SKU049,WH3,78.0,493.0
2025-01-31,SKU033,WH2,15.0,955.0
2025-06-20,SKU048,WH3,38.0,877.0
2024-07-26,SKU033,WH3,57.0,278.0
2025-08-01,SKU023,WH3,76.0,695.0
2024-04-06,SKU005,WH2,72.0,375.0
2024-08-23,SKU030,WH2,27.0,255.0
2024-02-14,SKU019,WH3,42.0,796.0
2025-08-10,SKU014,WH3,88.0,547.0
2025-08-18,SKU024,WH2,2.0,640.0
2024-12-31,SKU016,WH4,45.0,834.0
2024-08-10,SKU009,WH1,39.0,671.0
2024-04-17,SKU045,WH1,98.0,478.0
2025-10-06,SKU033,WH2,31.0,122.0
2024-10-23,SKU033,WH1,79.0,216.0
2025-06-23,SKU025,WH3,54.0,952.0
2025-12-06,SKU012,WH3,78.0,554.0
2025-09-03,SKU003,WH2,76.0,232.0
2024-02-16,SKU013,WH3,79.0,763.0
2024-05-11,SKU012,WH2,60.0,158.0
2024-04-26,SKU040,WH3,64.0,874.0
2025-12-08,SKU011,WH2,21.0,297.0
2024-06-12,SKU025,WH1,58.0,730.0
2025-07-01,SKU023,WH1,49.0,272.0
2024-01-18,SKU008,WH1,32.0,647.0
2024-09-15,SKU036,WH2,75.0,926.0
2024-08-07,SKU049,WH1,94.0,300.0
2024-09-29,SKU023,WH2,49.0,996.0
2025-12-05,SKU029,WH4,,594.0
2024-04-26,SKU031,WH3,1.0,339.0
2025-08-06,SKU021,WH2,67.0,123.0
2025-12-19,SKU014,WH1,31.0,756.0
2024-10-20,SKU036,WH2,59.0,597.0
2024-12-03,SKU027,WH4,12.0,154.0
2024-10-04,SKU040,WH4,45.0,507.0
2025-10-09,SKU002,WH2,87.0,510.0
2024-10-22,SKU032,WH5,6.0,507.0
2024-12-01,SKU032,WH4,83.0,419.0
2025-03-23,SKU029,WH2,34.0,456.0
2024-09-08,SKU018,WH2,49.0,536.0
2024-12-22,SKU022,WH2,95.0,652.0
2024-12-10,SKU003,WH1,12.0,277.0
2024-09-18,SKU010,WH3,21.0,215.0
2025-08-16,SKU036,WH4,69.0,520.0
2025-06-17,SKU022,WH3,27.0,341.0
2025-05-18,SKU024,WH3,49.0,813.0
2024-04-04,SKU016,WH2,34.0,336.0
2024-08-28,SKU037,WH1,7.0,489.0
2025-10-07,SKU026,WH5,34.0,677.0
2025-06-09,SKU038,WH1,99999.0,410.0
2025-06-17,SKU013,WH1,47.0,913.0
2024-01-03,SKU021,WH3,99999.0,764.0
2025-06-13,SKU045,WH2,85.0,285.0
2024-06-02,SKU032,WH1,26.0,369.0
2024-08-26,SKU015,WH1,43.0,418.0
2024-05-28,SKU042,WH2,90.0,733.0
2024-10-18,SKU046,WH2,42.0,260.0
2025-12-08,SKU027,WH2,63.0,896.0
2024-01-26,SKU047,WH2,85.0,797.0
2025-01-11,SKU039,WH1,92.0,564.0
2024-03-14,SKU019,WH1,47.0,133.0
2024-03-14,SKU049,WH2,75.0,
2024-01-15,SKU044,WH3,35.0,282.0
2025-07-05,SKU028,WH2,58.0,622.0
2024-03-19,SKU021,WH2,24.0,129.0
2025-04-19,SKU034,WH2,60.0,556.0
2025-08-17,SKU021,WH5,35.0,498.0
2025-08-18,SKU001,WH4,50.0,366.0
2025-09-26,SKU028,WH2,4.0,434.0
2024-04-24,SKU013,WH2,88.0,956.0
2024-01-10,SKU048,WH1,,620.0
2025-01-08,SKU034,WH5,42.0,720.0
2024-06-03,SKU031,WH1,11.0,893.0
2025-08-01,SKU029,WH2,40.0,410.0
2025-04-25,SKU009,WH4,44.0,940.0
2024-08-12,SKU028,WH2,81.0,118.0
2024-02-25,SKU041,WH3,30.0,583.0
2025-04-20,SKU020,WH1,24.0,141.0
2025-03-04,SKU043,WH2,55.0,487.0
2024-01-24,SKU010,WH5,68.0,120.0
2025-06-05,SKU021,WH4,20.0,
2024-01-30,SKU001,WH2,85.0,548.0
2024-11-13,SKU031,WH4,59.0,613.0
2025-08-01,SKU040,WH2,29.0,209.0
2025-07-07,SKU049,WH5,17.0,962.0
2025-03-02,SKU023,WH5,3.0,727.0
2025-10-19,SKU002,WH1,9.0,120.0
2024-12-03,SKU049,WH1,12.0,813.0
2025-06-01,SKU003,WH3,50.0,754.0
2024-11-11,SKU013,WH2,33.0,825.0
2024-10-04,SKU005,WH1,38.0,687.0
2025-11-26,SKU002,WH1,87.0,806.0
2025-05-07,SKU029,WH5,,546.0
2024-09-05,SKU050,WH2,36.0,603.0
2025-03-26,SKU027,WH3,58.0,916.0
2024-05-14,SKU019,WH3,15.0,300.0
2025-05-24,SKU044,WH1,75.0,847.0
2025-08-01,SKU045,WH3,95.0,346.0
2025-05-22,SKU011,WH1,77.0,157.0
2024-07-13,SKU044,WH3,47.0,260.0
2024-10-16,SKU010,WH1,30.0,778.0
2024-01-28,SKU001,WH3,18.0,659.0
2024-06-02,SKU026,WH2,41.0,545.0
2025-09-04,SKU017,WH5,47.0,958.0
2025-05-31,SKU044,WH3,77.0,352.0
2024-05-08,SKU035,WH2,17.0,600.0
2024-09-17,SKU013,WH3,58.0,127.0
2025-04-27,SKU017,WH3,79.0,288.0
2025-08-27,SKU029,WH2,20.0,847.0
2024-11-20,SKU030,WH2,5.0,983.0
2024-02-23,SKU044,WH3,75.0,650.0
2025-06-11,SKU049,WH1,74.0,628.0
2024-01-27,SKU036,WH1,15.0,770.0
2024-10-08,SKU020,WH3,48.0,510.0
2025-02-11,SKU040,WH3,13.0,980.0
2024-09-07,SKU026,WH3,99999.0,260.0
2024-03-09,SKU003,WH1,53.0,700.0
2025-04-08,SKU013,WH2,68.0,798.0
2025-07-25,SKU027,WH5,79.0,513.0
2025-09-11,SKU043,WH1,44.0,892.0
2025-09-03,SKU049,WH2,66.0,335.0
2025-11-04,SKU008,WH5,32.0,311.0
2024-08-17,SKU048,WH2,61.0,705.0
2024-12-12,SKU023,WH2,26.0,323.0
2024-09-06,SKU016,WH1,13.0,657.0
2024-10-24,SKU050,WH3,96.0,395.0
2025-03-05,SKU020,WH2,77.0,702.0
2024-06-05,SKU007,WH2,,713.0
2025-11-15,SKU022,WH4,72.0,511.0
2025-05-05,SKU020,WH3,32.0,708.0
2025-05-17,SKU027,WH3,64.0,622.0
2025-03-04,SKU045,WH2,10.0,813.0
2024-08-29,SKU024,WH3,81.0,690.0
2025-11-17,SKU005,WH4,82.0,511.0
2025-08-30,SKU044,WH4,60.0,997.0
2024-09-12,SKU021,WH1,61.0,899.0
2024-07-18,SKU023,WH3,48.0,673.0
2024-02-18,SKU040,WH2,98.0,333.0
2024-04-12,SKU031,WH4,50.0,442.0
2025-04-14,SKU010,WH2,65.0,436.0
2025-10-18,SKU004,WH1,66.0,686.0
2024-12-07,SKU020,WH2,70.0,127.0
2025-05-04,SKU026,WH4,62.0,126.0
2024-11-10,SKU038,WH3,18.0,126.0
2024-11-30,SKU044,WH1,19.0,528.0
2024-10-31,SKU021,WH1,9.0,602.0
2025-06-10,SKU002,WH1,79.0,293.0
2024-01-13,SKU026,WH3,66.0,763.0
2025-09-27,SKU016,WH2,37.0,758.0
2024-11-23,SKU034,WH3,52.0,176.0
2024-02-19,SKU036,WH2,30.0,625.0
2024-12-23,SKU048,WH2,1.0,463.0
2025-05-18,SKU019,WH2,80.0,668.0
2024-07-07,SKU001,WH2,86.0,863.0
2024-12-26,SKU022,WH3,59.0,848.0
2025-04-22,SKU012,WH2,28.0,620.0
2024-02-28,SKU044,WH2,77.0,765.0
2024-09-26,SKU024,WH1,25.0,389.0
2025-06-01,SKU007,WH1,19.0,684.0
2024-02-28,SKU045,WH1,39.0,499.0
2025-10-14,SKU012,WH2,2.0,993.0
2025-08-13,SKU018,WH3,99.0,398.0
2025-10-19,SKU049,WH1,5.0,536.0
2024-05-28,SKU036,WH1,,104.0
2024-03-02,SKU022,WH5,27.0,879.0
2024-02-08,SKU037,WH3,65.0,278.0
2025-06-02,SKU001,WH1,36.0,935.0
2024-05-15,SKU022,WH1,67.0,515.0
2025-06-18,SKU022,WH1,91.0,193.0
2025-10-14,SKU050,WH1,28.0,841.0
2024-05-03,SKU016,WH1,82.0,681.0
2024-09-21,SKU019,WH2,81.0,708.0
2025-08-24,SKU031,WH3,25.0,461.0
2025-07-22,SKU044,WH1,54.0,549.0
2025-02-27,SKU006,WH1,22.0,281.0
2024-07-27,SKU027,WH3,57.0,298.0
2025-09-18,SKU003,WH2,98.0,620.0
2025-12-03,SKU008,WH2,85.0,997.0
2025-06-01,SKU027,WH1,53.0,538.0
2024-11-21,SKU018,WH2,24.0,655.0
2024-01-09,SKU043,WH5,79.0,771.0
2024-01-17,SKU012,WH2,7.0,493.0
2025-01-29,SKU011,WH4,62.0,146.0
2024-09-15,SKU010,WH3,3.0,545.0
2024-11-15,SKU046,WH1,91.0,709.0
2024-02-22,SKU002,WH1,49.0,628.0
2024-02-20,SKU050,WH3,15.0,756.0
2024-06-09,SKU015,WH3,48.0,264.0
2024-06-05,SKU014,WH4,23.0,745.0
2025-07-17,SKU023,WH3,61.0,322.0
2025-01-03,SKU011,WH3,18.0,235.0
2024-07-14,SKU041,WH2,86.0,393.0
2024-02-08,SKU010,WH1,38.0,276.0
2024-01-05,SKU008,WH1,47.0,876.0
2025-02-21,SKU046,WH3,54.0,
2024-11-25,SKU038,WH5,68.0,128.0
2024-08-10,SKU026,WH2,21.0,613.0
2024-01-12,SKU001,WH1,53.0,650.0
2024-07-19,SKU009,WH5,22.0,714.0
2025-07-17,SKU016,WH3,4.0,976.0
2025-10-13,SKU001,WH2,13.0,674.0
2024-11-30,SKU042,WH1,3.0,374.0
2024-05-20,SKU039,WH2,42.0,239.0
2024-06-29,SKU001,WH1,33.0,637.0
2024-06-13,SKU047,WH3,59.0,205.0
2024-05-23,SKU011,WH3,51.0,500.0
2025-01-28,SKU039,WH3,22.0,
2025-10-30,SKU001,WH1,33.0,979.0
2024-09-04,SKU007,WH2,99.0,218.0
2025-10-25,SKU022,WH1,35.0,101.0
2025-11-06,SKU038,WH2,,286.0
2025-08-11,SKU016,WH2,97.0,343.0
2025-05-22,SKU031,WH5,81.0,221.0
2024-06-03,SKU022,WH3,19.0,262.0
2025-10-18,SKU017,WH5,67.0,219.0
2025-01-24,SKU045,WH2,74.0,492.0
2025-03-14,SKU017,WH5,54.0,643.0
2025-11-02,SKU004,WH3,,285.0
2025-08-04,SKU004,WH4,84.0,236.0
2025-02-18,SKU038,WH2,25.0,
2024-08-28,SKU041,WH5,39.0,232.0
2025-10-10,SKU007,WH1,10.0,574.0
2025-02-13,SKU005,WH1,6.0,365.0
2024-09-24,SKU026,WH2,75.0,697.0
2025-09-29,SKU001,WH3,21.0,633.0
2024-02-26,SKU002,WH2,20.0,816.0
2025-02-18,SKU023,WH4,97.0,545.0
2025-06-16,SKU020,WH2,52.0,862.0
2024-07-28,SKU001,WH3,82.0,372.0
2024-10-18,SKU002,WH3,94.0,702.0
2024-12-04,SKU019,WH5,54.0,342.0
2025-03-26,SKU033,WH2,15.0,602.0
2024-04-09,SKU010,WH2,25.0,234.0
2024-10-30,SKU018,WH3,42.0,194.0
2025-08-05,SKU045,WH2,79.0,586.0
2025-08-19,SKU050,WH3,94.0,929.0
2024-10-28,SKU023,WH1,22.0,146.0
2024-03-14,SKU040,WH3,42.0,430.0
2024-01-13,SKU001,WH2,89.0,562.0
2025-04-01,SKU033,WH2,13.0,765.0
2024-10-08,SKU028,WH1,20.0,614.0
2024-09-03,SKU039,WH1,76.0,994.0
2024-12-31,SKU046,WH4,63.0,844.0
2025-11-19,SKU012,WH2,71.0,782.0
2025-12-24,SKU025,WH2,66.0,620.0
2025-06-24,SKU007,WH4,50.0,404.0
2024-03-28,SKU008,WH4,41.0,279.0
2024-11-18,SKU047,WH1,28.0,330.0
2024-07-03,SKU040,WH3,81.0,227.0
2024-05-15,SKU030,WH3,90.0,673.0
2025-01-15,SKU022,WH2,16.0,190.0
2024-09-03,SKU007,WH2,22.0,449.0
2024-08-19,SKU017,WH5,28.0,518.0
2024-04-05,SKU048,WH3,8.0,950.0
2024-02-13,SKU030,WH3,63.0,701.0
2024-09-03,SKU016,WH1,3.0,679.0
2024-07-01,SKU030,WH1,25.0,434.0
2025-05-17,SKU040,WH3,43.0,688.0
2024-05-31,SKU027,WH3,15.0,604.0
2025-07-21,SKU034,WH2,86.0,582.0
2025-10-01,SKU040,WH1,28.0,
2024-03-28,SKU006,WH2,70.0,955.0
2024-10-28,SKU012,WH3,6.0,817.0
2025-01-22,SKU039,WH4,99999.0,649.0
2024-08-25,SKU034,WH3,22.0,877.0
2025-02-10,SKU046,WH2,,348.0
2025-09-24,SKU021,WH4,81.0,843.0
2024-05-10,SKU037,WH1,16.0,785.0
2024-08-31,SKU007,WH1,25.0,242.0
2025-01-07,SKU015,WH3,16.0,678.0
2025-06-27,SKU049,WH1,46.0,490.0
2025-10-06,SKU011,WH1,20.0,666.0
2025-04-28,SKU009,WH3,24.0,421.0
2025-04-26,SKU001,WH4,89.0,580.0
2024-04-23,SKU004,WH1,58.0,438.0
2025-10-12,SKU034,WH1,100.0,292.0
2025-11-05,SKU047,WH2,40.0,523.0
2025-04-25,SKU024,WH3,6.0,203.0
2025-08-15,SKU048,WH1,96.0,113.0
2024-11-23,SKU038,WH3,48.0,317.0
2025-05-18,SKU007,WH1,13.0,929.0
2024-03-23,SKU019,WH4,59.0,984.0
2024-09-20,SKU006,WH2,12.0,172.0
2025-03-18,SKU036,WH1,7.0,658.0
2024-06-12,SKU037,WH5,43.0,203.0
2024-11-25,SKU047,WH2,73.0,189.0
2024-12-21,SKU016,WH1,33.0,590.0
2025-10-27,SKU048,WH2,61.0,200.0
2024-12-28,SKU013,WH3,83.0,683.0
2024-01-27,SKU026,WH3,19.0,806.0
2024-11-17,SKU007,WH3,18.0,487.0
2025-05-08,SKU013,WH2,85.0,794.0
2025-09-29,SKU025,WH1,12.0,212.0
2024-10-03,SKU049,WH2,44.0,149.0
2024-09-18,SKU042,WH1,74.0,282.0
2025-06-16,SKU023,WH2,53.0,514.0
2024-10-17,SKU043,WH2,98.0,801.0
2025-06-13,SKU036,WH2,82.0,534.0
2025-09-30,SKU049,WH2,4.0,594.0
2024-12-25,SKU027,WH3,24.0,593.0
2024-05-29,SKU042,WH3,24.0,650.0
2024-07-26,SKU044,WH2,83.0,457.0
2024-10-03,SKU037,WH2,65.0,366.0
2025-12-15,SKU005,WH2,48.0,377.0
2024-01-02,SKU020,WH2,90.0,213.0
2025-06-25,SKU043,WH2,80.0,269.0
2024-10-10,SKU038,WH3,69.0,167.0
2024-04-24,SKU011,WH2,52.0,825.0
2024-08-27,SKU011,WH2,33.0,253.0
2025-11-27,SKU048,WH3,37.0,824.0
2024-07-24,SKU032,WH5,23.0,909.0
2025-04-04,SKU020,WH3,92.0,514.0
2024-09-09,SKU041,WH3,74.0,152.0
2025-08-23,SKU023,WH2,95.0,381.0
2025-09-16,SKU049,WH2,65.0,482.0
2024-09-25,SKU008,WH3,83.0,103.0
2025-01-24,SKU012,WH3,37.0,494.0
2024-02-29,SKU011,WH2,63.0,935.0
2024-09-08,SKU031,WH1,15.0,613.0
2025-07-02,SKU005,WH3,40.0,737.0
2024-12-06,SKU034,WH2,21.0,226.0
2025-08-11,SKU031,WH4,66.0,132.0
2025-12-19,SKU009,WH3,48.0,392.0
2025-10-17,SKU019,WH2,6.0,150.0
2024-04-16,SKU014,WH4,20.0,548.0
2024-09-13,SKU021,WH1,21.0,435.0
2024-04-13,SKU042,WH3,75.0,924.0
2024-05-18,SKU019,WH2,65.0,354.0
2025-02-22,SKU032,WH5,18.0,394.0
2025-05-04,SKU036,WH2,39.0,232.0
2024-05-24,SKU020,WH1,99.0,725.0
2024-04-29,SKU003,WH1,84.0,948.0
2025-01-11,SKU034,WH1,84.0,187.0
2024-02-21,SKU026,WH3,64.0,670.0
2025-08-28,SKU047,WH5,67.0,184.0
2025-11-29,SKU001,WH3,6.0,986.0
2025-04-01,SKU041,WH1,52.0,719.0
2025-05-05,SKU044,WH3,69.0,555.0
2024-12-19,SKU029,WH1,71.0,180.0
2025-05-10,SKU023,WH3,26.0,752.0
2024-11-01,SKU047,WH2,93.0,778.0
2024-04-04,SKU001,WH1,96.0,166.0
2024-02-15,SKU032,WH1,6.0,
2025-06-29,SKU041,WH1,78.0,305.0
2024-04-19,SKU018,WH5,50.0,565.0
2025-06-25,SKU025,WH2,97.0,950.0
2024-02-29,SKU018,WH1,79.0,817.0
2024-08-05,SKU034,WH1,3.0,615.0
2025-12-08,SKU022,WH1,93.0,689.0
2024-12-15,SKU013,WH2,65.0,259.0
2024-05-01,SKU041,WH1,17.0,626.0
2025-01-27,SKU020,WH2,20.0,357.0
2024-04-12,SKU035,WH1,14.0,452.0
2025-02-19,SKU043,WH1,33.0,599.0
2024-11-10,SKU029,WH3,70.0,454.0
2025-01-20,SKU040,WH2,8.0,324.0
2025-01-26,SKU008,WH1,90.0,376.0
2024-01-30,SKU033,WH1,4.0,498.0
2025-05-17,SKU019,WH1,29.0,552.0
2024-03-14,SKU048,WH4,79.0,770.0
2025-10-27,SKU026,WH2,82.0,939.0
2025-03-06,SKU018,WH2,81.0,357.0
2024-06-05,SKU026,WH1,53.0,778.0
2024-01-28,SKU022,WH2,88.0,855.0
2025-10-16,SKU008,WH2,50.0,905.0
2024-07-16,SKU037,WH2,76.0,206.0
2025-03-17,SKU020,WH1,31.0,938.0
2024-01-05,SKU012,WH1,58.0,646.0
2024-10-17,SKU032,WH5,80.0,911.0
2024-10-07,SKU004,WH3,4.0,
2024-06-27,SKU031,WH4,67.0,729.0
2024-06-07,SKU023,WH2,32.0,821.0
2025-05-02,SKU035,WH2,95.0,574.0
2024-01-30,SKU017,WH3,55.0,256.0
2025-08-17,SKU006,WH2,5.0,137.0
2024-12-08,SKU028,WH1,,328.0
2025-12-21,SKU032,WH3,24.0,244.0
2025-06-12,SKU034,WH4,87.0,146.0
2024-01-11,SKU008,WH2,35.0,980.0
2024-08-15,SKU011,WH3,60.0,126.0
2025-10-19,SKU035,WH1,51.0,336.0
2024-02-07,SKU016,WH1,56.0,296.0
2024-05-27,SKU030,WH2,47.0,863.0
2025-09-06,SKU027,WH1,62.0,319.0
2025-05-31,SKU039,WH1,83.0,750.0
2024-01-03,SKU013,WH2,95.0,414.0
2024-05-11,SKU040,WH3,5.0,788.0
2024-06-22,SKU031,WH4,78.0,932.0
2024-08-13,SKU035,WH2,71.0,211.0
2025-07-15,SKU012,WH2,6.0,484.0
2024-10-02,SKU028,WH3,31.0,740.0
2024-03-12,SKU018,WH3,12.0,560.0
2025-09-24,SKU030,WH3,62.0,659.0
2025-06-09,SKU031,WH2,64.0,192.0
2025-06-28,SKU014,WH1,37.0,919.0
2024-08-04,SKU023,WH1,57.0,770.0
2025-04-29,SKU036,WH2,43.0,162.0
2025-07-25,SKU016,WH3,65.0,240.0
2024-02-12,SKU012,WH2,30.0,
2025-05-04,SKU003,WH3,99999.0,389.0
2025-04-07,SKU040,WH4,98.0,933.0
2025-08-29,SKU012,WH1,,794.0
2025-12-08,SKU038,WH5,35.0,181.0
2024-05-10,SKU044,WH3,13.0,647.0
2025-04-30,SKU050,WH1,36.0,495.0
2024-07-16,SKU010,WH1,63.0,
2025-08-28,SKU010,WH1,27.0,929.0
2025-05-13,SKU046,WH2,31.0,195.0
2025-05-07,SKU015,WH4,43.0,845.0
2024-08-10,SKU018,WH2,71.0,626.0
2025-12-07,SKU023,WH2,32.0,927.0
2025-12-05,SKU009,WH3,54.0,566.0
2025-09-12,SKU003,WH3,62.0,701.0
2024-08-17,SKU035,WH1,19.0,589.0
2025-05-24,SKU017,WH1,37.0,943.0
2025-06-10,SKU050,WH4,62.0,967.0
2025-10-01,SKU005,WH1,5.0,369.0
2024-08-17,SKU042,WH3,34.0,943.0
2024-04-04,SKU050,WH1,85.0,140.0
2024-12-10,SKU020,WH3,99999.0,801.0
2024-02-18,SKU012,WH4,57.0,193.0
2024-04-25,SKU015,WH3,27.0,255.0
2025-08-27,SKU023,WH3,6.0,647.0
2024-10-30,SKU002,WH1,80.0,744.0
2025-01-17,SKU021,WH3,38.0,509.0
2024-09-20,SKU003,WH5,43.0,376.0
2024-12-23,SKU001,WH4,98.0,119.0
2025-03-02,SKU001,WH1,91.0,260.0
2025-04-19,SKU013,WH3,71.0,697.0
2024-12-22,SKU024,WH2,8.0,560.0
2024-01-30,SKU003,WH3,80.0,585.0
2024-10-03,SKU042,WH3,7.0,439.0
2025-04-30,SKU012,WH2,14.0,218.0
2024-02-25,SKU045,WH4,25.0,313.0
2024-11-17,SKU032,WH2,94.0,998.0
2024-10-25,SKU021,WH3,48.0,970.0
2024-05-03,SKU049,WH3,88.0,424.0
2025-10-17,SKU017,WH3,99999.0,809.0
2024-07-09,SKU011,WH2,41.0,339.0
2025-02-04,SKU006,WH1,47.0,906.0
2024-02-28,SKU023,WH4,,913.0
2024-12-21,SKU047,WH1,39.0,556.0
2024-04-25,SKU014,WH3,,248.0
2024-02-26,SKU035,WH1,,551.0
2025-05-11,SKU010,WH3,72.0,544.0
2025-04-17,SKU043,WH2,5.0,636.0
2025-08-27,SKU046,WH1,80.0,722.0
2025-06-02,SKU025,WH3,81.0,869.0
2024-11-01,SKU033,WH3,37.0,725.0
2024-12-03,SKU002,WH3,71.0,526.0
2025-08-18,SKU029,WH2,13.0,825.0
2024-11-14,SKU044,WH3,98.0,597.0
2024-03-10,SKU037,WH3,,907.0
2024-01-16,SKU021,WH1,48.0,
2025-09-29,SKU041,WH5,77.0,628.0
2025-04-25,SKU043,WH1,65.0,820.0
2024-05-09,SKU032,WH3,48.0,723.0
2025-12-06,SKU048,WH1,5.0,116.0
2025-03-09,SKU005,WH2,78.0,676.0
2025-07-31,SKU011,WH5,5.0,344.0
2024-08-03,SKU017,WH1,10.0,844.0
2025-08-18,SKU014,WH5,30.0,371.0
2024-08-06,SKU010,WH3,71.0,435.0
2024-08-29,SKU041,WH2,16.0,132.0
2024-12-20,SKU016,WH3,15.0,857.0
2025-04-25,SKU035,WH1,,617.0
2024-11-24,SKU042,WH3,74.0,339.0
2025-01-30,SKU022,WH4,,977.0
2024-06-15,SKU036,WH1,54.0,782.0
2024-10-26,SKU021,WH3,98.0,541.0
2025-02-02,SKU035,WH1,,
2025-06-16,SKU022,WH3,,132.0
2025-05-27,SKU011,WH3,29.0,414.0
2024-06-25,SKU005,WH1,13.0,483.0
2025-12-06,SKU039,WH2,73.0,321.0
2025-06-28,SKU021,WH1,78.0,627.0
2024-12-08,SKU008,WH1,67.0,322.0
2024-05-06,SKU041,WH1,26.0,659.0
2024-10-09,SKU050,WH1,13.0,993.0
2024-03-27,SKU003,WH3,30.0,656.0
2024-05-12,SKU003,WH3,65.0,629.0
2025-10-08,SKU015,WH1,16.0,735.0
2024-10-28,SKU046,WH2,62.0,153.0
2025-08-27,SKU047,WH3,33.0,578.0
2024-11-20,SKU003,WH3,21.0,738.0
2024-08-25,SKU039,WH1,91.0,253.0
2024-10-14,SKU028,WH1,10.0,371.0
2025-11-09,SKU041,WH4,30.0,540.0
2024-01-22,SKU018,WH2,24.0,401.0
2025-07-29,SKU007,WH4,21.0,881.0
2025-12-19,SKU050,WH2,72.0,
2025-12-01,SKU030,WH4,2.0,973.0
2025-01-11,SKU046,WH2,38.0,935.0
2025-09-26,SKU034,WH4,36.0,546.0
2025-07-18,SKU026,WH4,57.0,648.0
2024-09-23,SKU038,WH4,15.0,160.0
2024-02-05,SKU008,WH3,33.0,273.0
2025-04-26,SKU044,WH5,91.0,776.0
2025-05-25,SKU022,WH3,50.0,505.0
2025-02-17,SKU014,WH2,50.0,302.0
2024-10-31,SKU029,WH1,14.0,428.0
2025-12-29,SKU045,WH3,5.0,284.0
2024-06-18,SKU020,WH2,63.0,747.0
2024-08-04,SKU001,WH3,71.0,354.0
2024-09-21,SKU021,WH2,14.0,634.0
2024-09-24,SKU008,WH1,56.0,138.0
2024-03-09,SKU042,WH3,,534.0
2025-03-13,SKU001,WH1,42.0,845.0
2025-09-03,SKU032,WH1,23.0,523.0
2024-03-08,SKU025,WH4,41.0,751.0
2025-03-06,SKU035,WH3,56.0,542.0
2024-04-29,SKU004,WH2,28.0,260.0
2025-06-06,SKU024,WH5,72.0,161.0
2024-07-15,SKU006,WH5,73.0,795.0
2024-03-20,SKU009,WH3,85.0,200.0
2025-09-28,SKU044,WH1,82.0,905.0
2024-03-11,SKU025,WH4,80.0,760.0
2024-11-26,SKU034,WH1,46.0,903.0
2024-08-08,SKU008,WH1,82.0,553.0
2024-07-15,SKU048,WH1,71.0,593.0
2025-09-13,SKU033,WH1,44.0,876.0
2025-09-28,SKU039,WH4,53.0,379.0
2024-03-02,SKU050,WH1,99.0,803.0
2024-10-14,SKU027,WH1,10.0,235.0
2024-09-01,SKU007,WH4,62.0,443.0
2024-12-01,SKU004,WH1,16.0,995.0
2024-04-08,SKU033,WH1,69.0,349.0
2024-09-30,SKU049,WH2,21.0,581.0
2024-05-12,SKU013,WH5,91.0,
2024-05-15,SKU034,WH3,23.0,671.0
2024-06-10,SKU020,WH1,91.0,783.0
2025-08-03,SKU026,WH1,69.0,419.0
2025-04-04,SKU032,WH1,19.0,373.0
2025-08-15,SKU026,WH3,8.0,999.0
2025-03-07,SKU032,WH1,45.0,413.0
2024-02-29,SKU034,WH3,80.0,274.0
2024-07-26,SKU029,WH4,30.0,451.0
2024-04-27,SKU031,WH2,80.0,117.0
2025-11-28,SKU022,WH3,95.0,726.0
2025-10-29,SKU002,WH4,22.0,754.0
2024-04-07,SKU038,WH2,86.0,735.0
2024-01-11,SKU013,WH3,62.0,383.0
2025-06-16,SKU013,WH5,25.0,585.0
2025-05-25,SKU009,WH3,82.0,104.0
2024-08-26,SKU027,WH3,94.0,193.0
2024-09-21,SKU037,WH2,77.0,383.0
2024-03-09,SKU028,WH1,20.0,441.0
2024-01-27,SKU043,WH1,2.0,714.0
2025-04-02,SKU005,WH5,84.0,293.0
2024-05-19,SKU041,WH2,21.0,719.0
2024-06-01,SKU035,WH4,45.0,254.0
2024-02-17,SKU047,WH3,18.0,205.0
2024-08-24,SKU001,WH2,88.0,683.0
2024-01-17,SKU044,WH1,58.0,395.0
2025-08-15,SKU032,WH1,46.0,347.0
2024-06-30,SKU031,WH1,94.0,624.0
2024-07-31,SKU007,WH2,43.0,572.0
2025-08-11,SKU014,WH2,34.0,727.0
2024-03-04,SKU004,WH4,40.0,658.0
2024-03-08,SKU049,WH2,53.0,242.0
2025-02-28,SKU034,WH3,25.0,471.0
2024-05-04,SKU036,WH2,51.0,471.0
2025-07-04,SKU037,WH1,83.0,486.0
2024-12-24,SKU027,WH2,99.0,923.0
2024-03-22,SKU003,WH2,1.0,878.0
2025-01-24,SKU029,WH5,43.0,776.0
2024-07-11,SKU036,WH3,79.0,311.0
2025-11-16,SKU010,WH3,98.0,658.0
2025-12-06,SKU006,WH1,89.0,195.0
2024-11-03,SKU048,WH2,8.0,962.0
2024-11-25,SKU038,WH3,39.0,697.0
2025-08-28,SKU002,WH3,63.0,795.0
2024-05-17,SKU031,WH1,8.0,212.0
2024-06-08,SKU024,WH4,28.0,604.0
2025-08-27,SKU024,WH4,29.0,507.0
2024-08-06,SKU048,WH3,49.0,943.0
2025-10-06,SKU038,WH5,20.0,283.0
2025-07-02,SKU023,WH1,31.0,249.0
2024-02-06,SKU019,WH1,38.0,818.0
2024-02-11,SKU017,WH4,41.0,958.0
2025-06-08,SKU041,WH4,2.0,892.0
2024-02-02,SKU046,WH1,63.0,641.0
2025-07-21,SKU013,WH2,7.0,569.0
2024-06-13,SKU022,WH1,13.0,976.0
2024-01-06,SKU048,WH2,44.0,293.0
2024-10-08,SKU016,WH3,18.0,258.0
2025-11-14,SKU004,WH3,93.0,777.0
2025-08-21,SKU005,WH3,1.0,330.0
2025-01-24,SKU036,WH4,43.0,631.0
2025-01-10,SKU022,WH1,53.0,846.0
2025-02-20,SKU035,WH3,67.0,823.0
2024-10-10,SKU008,WH2,37.0,248.0
2024-11-26,SKU008,WH4,37.0,404.0
2024-01-26,SKU018,WH5,39.0,143.0
2024-12-08,SKU044,WH1,57.0,576.0
2025-12-01,SKU037,WH2,28.0,585.0
2024-01-07,SKU005,WH1,8.0,
2025-03-17,SKU002,WH3,12.0,921.0
2025-01-06,SKU032,WH4,50.0,336.0
2024-05-20,SKU027,WH2,66.0,943.0
2024-10-09,SKU021,WH3,85.0,201.0
2025-01-21,SKU043,WH3,3.0,130.0
2024-03-07,SKU046,WH2,36.0,405.0
2024-02-04,SKU032,WH4,45.0,901.0
2025-08-23,SKU016,WH5,45.0,954.0
2024-04-09,SKU026,WH2,31.0,519.0
2025-10-27,SKU041,WH2,89.0,246.0
2025-02-04,SKU011,WH3,7.0,217.0
2025-06-30,SKU048,WH2,21.0,906.0
2024-08-13,SKU046,WH3,28.0,646.0
2024-08-05,SKU042,WH5,11.0,541.0
2024-06-02,SKU005,WH1,95.0,124.0
2025-01-17,SKU015,WH4,93.0,
2025-04-22,SKU014,WH1,83.0,906.0
2025-04-22,SKU021,WH2,56.0,606.0
2024-12-13,SKU002,WH1,3.0,513.0
2025-09-19,SKU036,WH4,61.0,493.0
2025-05-18,SKU048,WH1,31.0,824.0
2024-11-07,SKU016,WH3,43.0,552.0
2025-01-17,SKU038,WH2,86.0,775.0
2024-10-19,SKU005,WH3,83.0,923.0
2025-06-04,SKU014,WH5,75.0,372.0
2025-05-25,SKU007,WH1,43.0,715.0
2024-02-02,SKU034,WH3,28.0,880.0
2024-10-27,SKU045,WH5,92.0,848.0
2024-02-03,SKU045,WH3,61.0,548.0
2025-10-19,SKU037,WH2,54.0,769.0
2024-11-01,SKU021,WH3,56.0,990.0
2024-03-15,SKU001,WH3,25.0,187.0
2024-07-30,SKU045,WH1,60.0,855.0
2025-01-14,SKU019,WH3,68.0,228.0
2025-02-12,SKU011,WH2,49.0,131.0
2024-10-16,SKU006,WH1,21.0,777.0
2024-01-29,SKU036,WH1,19.0,446.0
2025-12-10,SKU002,WH3,,937.0
2025-05-07,SKU026,WH1,50.0,287.0
2024-03-06,SKU003,WH1,37.0,711.0
2024-11-16,SKU013,WH3,75.0,380.0
2024-04-17,SKU027,WH1,49.0,706.0
2025-10-31,SKU011,WH1,80.0,270.0
2024-01-30,SKU042,WH2,22.0,436.0
2024-05-18,SKU047,WH1,58.0,321.0
2024-05-31,SKU009,WH2,5.0,991.0
2025-07-31,SKU010,WH4,34.0,525.0
2024-08-02,SKU012,WH2,5.0,373.0
2024-12-13,SKU036,WH4,57.0,782.0
2025-07-05,SKU004,WH3,99999.0,721.0
2024-09-01,SKU011,WH3,51.0,653.0
2025-06-26,SKU013,WH1,1.0,270.0
2025-10-25,SKU036,WH2,99999.0,757.0
2025-04-17,SKU021,WH2,70.0,949.0
2025-12-11,SKU049,WH3,31.0,600.0
2024-03-29,SKU023,WH1,87.0,548.0
2025-04-10,SKU047,WH4,60.0,755.0
2024-07-18,SKU029,WH1,,642.0
2024-02-29,SKU040,WH2,23.0,536.0
2024-07-02,SKU036,WH1,5.0,946.0
2025-07-30,SKU023,WH1,100.0,414.0
2024-08-06,SKU031,WH5,,225.0
2024-12-21,SKU024,WH5,61.0,800.0
2024-05-10,SKU038,WH3,84.0,639.0
2024-08-22,SKU014,WH3,57.0,564.0
2024-01-03,SKU017,WH2,99.0,557.0
2025-12-29,SKU004,WH1,19.0,845.0
2025-08-16,SKU018,WH2,27.0,735.0
2025-08-04,SKU038,WH4,73.0,394.0
2024-09-11,SKU010,WH2,55.0,522.0
2025-03-01,SKU024,WH4,52.0,305.0
2025-04-10,SKU046,WH2,69.0,705.0
2024-10-06,SKU046,WH3,37.0,946.0
2024-07-27,SKU014,WH2,2.0,595.0
2025-05-19,SKU028,WH3,64.0,278.0
2025-12-21,SKU016,WH1,24.0,643.0
2025-02-22,SKU019,WH1,79.0,713.0
2025-12-26,SKU027,WH3,30.0,371.0
2024-06-01,SKU025,WH2,35.0,432.0
2024-04-07,SKU009,WH2,64.0,842.0
2025-06-24,SKU035,WH1,71.0,198.0
2024-11-02,SKU026,WH1,100.0,296.0
2024-08-04,SKU023,WH3,20.0,983.0
2025-04-12,SKU024,WH1,65.0,400.0
2024-03-11,SKU008,WH2,68.0,119.0
2025-09-02,SKU027,WH1,48.0,606.0
2024-01-04,SKU025,WH2,4.0,795.0
2025-08-10,SKU035,WH2,16.0,109.0
2025-08-11,SKU006,WH1,4.0,721.0
2025-07-24,SKU001,WH2,44.0,642.0
2025-05-16,SKU004,WH4,51.0,333.0
2024-03-25,SKU048,WH1,99.0,927.0
2025-02-08,SKU031,WH3,62.0,471.0
2024-05-24,SKU015,WH1,90.0,
2025-02-17,SKU006,WH3,18.0,172.0
2024-07-26,SKU005,WH3,46.0,633.0
2024-07-29,SKU018,WH2,18.0,664.0
2024-12-22,SKU034,WH4,50.0,682.0
2024-01-03,SKU001,WH5,76.0,673.0
2024-05-11,SKU043,WH3,71.0,518.0
2025-06-27,SKU041,WH2,67.0,938.0
2025-06-02,SKU041,WH3,45.0,1000.0
2024-07-17,SKU011,WH5,22.0,264.0
2024-09-21,SKU025,WH4,79.0,156.0
2024-04-23,SKU041,WH4,67.0,256.0
2024-07-26,SKU025,WH3,98.0,859.0
2024-12-20,SKU005,WH2,37.0,625.0
2024-11-01,SKU049,WH2,89.0,884.0
2024-01-31,SKU043,WH3,2.0,311.0
2025-10-22,SKU047,WH1,49.0,591.0
2025-08-25,SKU015,WH3,6.0,278.0
2024-11-23,SKU014,WH3,97.0,297.0
2024-08-09,SKU024,WH5,83.0,570.0
2025-10-20,SKU002,WH3,94.0,688.0
2025-10-06,SKU027,WH2,18.0,830.0
2025-05-25,SKU035,WH2,15.0,679.0
2024-03-07,SKU039,WH1,54.0,314.0
2025-11-15,SKU005,WH3,34.0,895.0
2024-09-01,SKU017,WH2,14.0,226.0
2025-04-25,SKU023,WH3,17.0,773.0
2024-05-10,SKU034,WH2,86.0,331.0
2025-07-01,SKU008,WH3,87.0,162.0
2025-04-11,SKU023,WH3,44.0,434.0
2024-10-22,SKU007,WH3,57.0,
2025-03-05,SKU028,WH5,36.0,632.0
2025-08-11,SKU009,WH3,89.0,378.0
2024-09-14,SKU045,WH3,60.0,941.0
2025-07-14,SKU046,WH1,85.0,136.0
2025-01-17,SKU008,WH3,38.0,678.0
2025-05-13,SKU012,WH5,60.0,751.0
2025-03-13,SKU050,WH5,72.0,442.0
2025-06-26,SKU005,WH4,3.0,346.0
2024-09-26,SKU017,WH1,49.0,631.0
2025-12-05,SKU032,WH5,31.0,871.0
2024-02-28,SKU010,WH1,9.0,977.0
2024-09-23,SKU042,WH1,49.0,145.0
2024-12-04,SKU001,WH5,75.0,483.0
2025-03-25,SKU030,WH3,16.0,295.0
2025-10-08,SKU046,WH1,48.0,286.0
2025-11-12,SKU025,WH5,50.0,947.0
2024-09-15,SKU037,WH4,3.0,719.0
2025-10-01,SKU024,WH5,41.0,670.0
2024-05-29,SKU028,WH3,74.0,187.0
2025-06-30,SKU039,WH1,83.0,707.0
2024-04-17,SKU001,WH4,79.0,269.0
2024-12-07,SKU038,WH3,99.0,376.0
2024-12-22,SKU032,WH3,66.0,222.0
2025-06-01,SKU022,WH1,80.0,741.0
2024-09-22,SKU021,WH2,54.0,221.0
2025-07-26,SKU032,WH1,8.0,815.0
2024-01-22,SKU049,WH1,84.0,183.0
2025-04-08,SKU039,WH4,95.0,505.0
2024-01-02,SKU005,WH3,61.0,627.0
2024-10-07,SKU015,WH1,46.0,408.0
2025-03-04,SKU001,WH3,58.0,994.0
2025-06-01,SKU002,WH4,26.0,739.0
2025-02-15,SKU033,WH1,73.0,
2024-05-02,SKU043,WH2,28.0,961.0
2025-01-02,SKU025,WH2,53.0,288.0
2024-07-31,SKU011,WH3,50.0,903.0
2025-05-09,SKU017,WH2,79.0,518.0
2025-03-13,SKU005,WH3,21.0,421.0
2025-03-19,SKU023,WH2,31.0,480.0
2024-04-01,SKU041,WH5,30.0,951.0
2025-03-22,SKU013,WH3,52.0,352.0
2025-01-04,SKU016,WH3,3.0,263.0
2024-07-21,SKU032,WH4,11.0,608.0
2025-06-17,SKU044,WH2,29.0,881.0
2024-10-30,SKU046,WH1,23.0,311.0
2025-08-14,SKU007,WH3,68.0,465.0
2025-03-11,SKU023,WH2,81.0,567.0
2024-05-06,SKU006,WH3,85.0,560.0
2025-07-08,SKU028,WH3,25.0,163.0
2024-05-11,SKU003,WH3,22.0,645.0
2024-08-19,SKU002,WH1,15.0,107.0
2024-11-13,SKU042,WH3,38.0,681.0
2024-06-01,SKU042,WH5,10.0,978.0
2025-12-13,SKU049,WH2,61.0,579.0
2024-05-29,SKU024,WH3,71.0,279.0
2025-10-07,SKU011,WH4,64.0,401.0
2025-03-11,SKU031,WH3,93.0,575.0
2025-11-05,SKU002,WH3,34.0,992.0
2025-05-02,SKU050,WH1,62.0,348.0
2024-08-03,SKU024,WH3,10.0,216.0
2025-07-28,SKU011,WH2,10.0,750.0
2025-08-04,SKU019,WH4,54.0,598.0
2024-11-12,SKU039,WH5,,392.0
2024-09-20,SKU005,WH1,12.0,794.0
2025-07-19,SKU025,WH3,11.0,539.0
2024-06-28,SKU016,WH3,37.0,610.0
2024-02-12,SKU015,WH4,94.0,413.0
2025-10-19,SKU019,WH1,54.0,906.0
2024-01-21,SKU024,WH1,59.0,761.0
2025-08-02,SKU042,WH3,,845.0
2024-10-10,SKU026,WH5,63.0,787.0
2024-09-20,SKU010,WH1,85.0,992.0
2025-07-30,SKU021,WH5,27.0,512.0
2025-04-15,SKU006,WH1,71.0,604.0
2025-07-30,SKU018,WH4,60.0,635.0
2024-02-14,SKU028,WH1,62.0,775.0
2025-05-26,SKU042,WH2,91.0,572.0
2025-04-30,SKU030,WH4,49.0,883.0
2025-06-15,SKU046,WH3,7.0,366.0
2025-02-25,SKU016,WH2,60.0,715.0
2024-01-18,SKU012,WH2,62.0,322.0
2024-03-13,SKU034,WH3,94.0,430.0
2024-06-20,SKU014,WH2,42.0,951.0
2025-10-02,SKU050,WH3,60.0,116.0
2024-07-29,SKU015,WH3,33.0,930.0
2025-05-19,SKU005,WH3,14.0,600.0
2024-02-28,SKU032,WH2,99.0,627.0
2024-11-20,SKU008,WH3,4.0,854.0
2024-06-14,SKU019,WH4,78.0,233.0
2025-08-23,SKU033,WH1,92.0,461.0
2024-02-01,SKU005,WH5,45.0,837.0
2024-10-22,SKU040,WH1,75.0,405.0
2024-11-09,SKU003,WH5,85.0,677.0
2024-04-20,SKU046,WH3,88.0,474.0
2024-03-01,SKU017,WH4,83.0,728.0
2024-10-23,SKU015,WH3,13.0,226.0
2025-08-12,SKU004,WH3,41.0,691.0
2025-08-26,SKU014,WH3,80.0,124.0
2024-09-22,SKU022,WH1,33.0,729.0
2024-09-21,SKU014,WH1,2.0,423.0
2025-11-11,SKU030,WH3,100.0,241.0
2025-11-04,SKU035,WH1,12.0,400.0
2025-10-10,SKU001,WH2,3.0,719.0
2025-05-18,SKU048,WH1,69.0,914.0
2025-08-09,SKU045,WH2,79.0,519.0
2025-11-10,SKU019,WH2,,720.0
2024-02-06,SKU013,WH1,43.0,695.0
2025-06-09,SKU030,WH1,35.0,221.0
2024-05-06,SKU002,WH2,17.0,441.0
2025-09-15,SKU029,WH3,53.0,228.0
2024-02-26,SKU022,WH3,71.0,688.0
2024-12-03,SKU023,WH1,20.0,239.0
2024-12-12,SKU044,WH2,,233.0
2025-04-28,SKU047,WH1,33.0,791.0
2025-06-26,SKU028,WH3,16.0,716.0
2024-11-14,SKU043,WH1,88.0,488.0
2024-08-01,SKU031,WH1,10.0,300.0
2025-09-28,SKU002,WH2,60.0,470.0
2025-04-15,SKU024,WH2,92.0,696.0
2024-05-04,SKU041,WH3,73.0,983.0
2024-12-24,SKU041,WH1,50.0,209.0
2024-11-24,SKU039,WH1,86.0,299.0
2024-03-31,SKU038,WH3,94.0,619.0
2025-05-02,SKU048,WH5,10.0,653.0
2025-02-14,SKU001,WH1,12.0,850.0
2025-03-08,SKU030,WH2,23.0,938.0
2025-03-31,SKU038,WH2,90.0,593.0
2025-10-15,SKU030,WH3,99.0,797.0
2025-12-03,SKU040,WH2,,720.0
2025-11-23,SKU050,WH1,42.0,163.0
2024-10-23,SKU019,WH4,12.0,198.0
2025-02-09,SKU009,WH4,13.0,820.0
2025-08-17,SKU032,WH2,28.0,629.0
2025-12-02,SKU005,WH1,79.0,895.0
2025-05-18,SKU027,WH1,99.0,269.0
2024-12-28,SKU008,WH2,73.0,240.0
2024-10-29,SKU006,WH1,20.0,735.0
2025-11-09,SKU004,WH3,63.0,519.0
2024-02-26,SKU026,WH3,24.0,970.0
2024-10-25,SKU023,WH2,59.0,637.0
2025-03-04,SKU028,WH3,10.0,698.0
2024-11-14,SKU024,WH1,7.0,344.0
2024-02-06,SKU005,WH3,71.0,253.0
2025-08-13,SKU040,WH3,77.0,476.0
2024-08-06,SKU027,WH4,20.0,438.0
2024-04-14,SKU027,WH3,98.0,304.0
2024-03-20,SKU024,WH3,57.0,287.0
2024-01-22,SKU032,WH2,45.0,360.0
2025-05-25,SKU044,WH1,86.0,751.0
2025-05-18,SKU022,WH1,6.0,587.0
2025-01-21,SKU016,WH5,85.0,520.0
2025-09-08,SKU030,WH2,48.0,453.0
2024-01-15,SKU033,WH1,65.0,147.0
2025-11-28,SKU033,WH2,64.0,633.0
2024-12-02,SKU001,WH2,97.0,737.0
2025-12-18,SKU027,WH3,83.0,860.0
2024-10-28,SKU015,WH2,25.0,210.0
2025-07-22,SKU043,WH1,2.0,438.0
2024-01-27,SKU025,WH2,,990.0
2025-07-08,SKU041,WH1,81.0,484.0
2024-08-14,SKU015,WH4,,406.0
2024-12-23,SKU035,WH1,81.0,975.0
2025-01-09,SKU050,WH4,50.0,796.0
2025-05-01,SKU013,WH3,89.0,245.0
2024-06-12,SKU002,WH4,92.0,591.0
2024-08-01,SKU013,WH3,39.0,658.0
2024-02-05,SKU004,WH5,53.0,300.0
2025-12-26,SKU010,WH3,53.0,820.0
2024-07-11,SKU050,WH2,4.0,452.0
2025-09-16,SKU022,WH4,54.0,915.0
2025-05-29,SKU016,WH2,61.0,554.0
2025-12-01,SKU013,WH3,73.0,823.0
2024-07-01,SKU021,WH2,94.0,723.0
2025-02-16,SKU033,WH3,71.0,466.0
2025-06-12,SKU041,WH1,78.0,755.0
2024-06-28,SKU030,WH2,70.0,979.0
2025-06-07,SKU007,WH3,60.0,268.0
2025-12-10,SKU033,WH2,26.0,714.0
2025-06-29,SKU046,WH3,70.0,695.0
2025-09-18,SKU048,WH1,15.0,198.0
2024-01-13,SKU021,WH1,1.0,951.0
2025-04-03,SKU024,WH1,52.0,329.0
2025-09-22,SKU036,WH1,43.0,544.0
2025-06-12,SKU005,WH1,50.0,307.0
2025-11-18,SKU006,WH1,2.0,927.0
2024-07-17,SKU029,WH5,53.0,965.0
2025-09-05,SKU013,WH4,52.0,650.0
2025-06-05,SKU042,WH4,54.0,748.0
2024-07-01,SKU026,WH3,86.0,
2024-07-26,SKU042,WH3,23.0,925.0
2025-10-31,SKU002,WH3,26.0,378.0
2024-11-03,SKU028,WH2,3.0,799.0
2024-06-16,SKU034,WH5,64.0,231.0
2024-08-11,SKU005,WH4,31.0,959.0
2024-01-18,SKU045,WH2,78.0,677.0
2024-07-30,SKU030,WH1,86.0,378.0
2025-02-27,SKU008,WH2,19.0,903.0
2024-10-23,SKU035,WH2,78.0,
2025-12-26,SKU031,WH3,50.0,588.0
2024-02-26,SKU016,WH2,42.0,265.0
2024-11-11,SKU049,WH3,30.0,740.0
2024-05-29,SKU010,WH3,21.0,156.0
2024-02-17,SKU024,WH2,96.0,878.0
2025-11-14,SKU017,WH2,59.0,430.0
2025-08-27,SKU045,WH3,2.0,627.0
2025-05-25,SKU017,WH3,,697.0
2025-05-10,SKU018,WH1,74.0,487.0
2025-08-27,SKU007,WH3,31.0,628.0
2025-03-10,SKU039,WH1,81.0,522.0
2024-11-15,SKU001,WH1,99999.0,551.0
2024-01-02,SKU046,WH3,56.0,356.0
2025-08-04,SKU023,WH2,79.0,352.0
2024-06-14,SKU018,WH1,50.0,163.0
2024-10-06,SKU033,WH3,57.0,794.0
2025-04-17,SKU043,WH3,78.0,947.0
2025-02-18,SKU023,WH1,98.0,300.0
2025-08-14,SKU047,WH3,41.0,179.0
2025-12-25,SKU017,WH1,93.0,901.0
2025-09-14,SKU016,WH3,38.0,109.0
2025-10-13,SKU030,WH4,100.0,806.0
2024-09-27,SKU025,WH3,66.0,106.0
2025-04-08,SKU040,WH1,36.0,553.0
2025-05-05,SKU043,WH3,100.0,
2025-05-23,SKU045,WH2,46.0,315.0
2025-04-19,SKU050,WH5,71.0,308.0
2025-11-18,SKU041,WH3,78.0,596.0
2024-04-14,SKU040,WH2,47.0,449.0
2024-09-11,SKU018,WH4,61.0,869.0
2025-11-14,SKU030,WH3,99999.0,253.0
2024-11-22,SKU036,WH1,16.0,400.0
2025-09-25,SKU020,WH4,35.0,704.0
2024-03-15,SKU036,WH4,,907.0
2024-03-17,SKU004,WH3,40.0,222.0
2024-10-04,SKU020,WH1,96.0,233.0
2024-08-18,SKU039,WH1,96.0,922.0
2024-08-28,SKU002,WH4,32.0,562.0
2024-09-13,SKU044,WH1,77.0,576.0
2024-06-08,SKU049,WH2,46.0,384.0
2025-05-06,SKU022,WH2,3.0,452.0
2024-12-13,SKU009,WH2,41.0,155.0
2025-09-27,SKU008,WH1,55.0,417.0
2025-07-21,SKU005,WH5,87.0,457.0
2025-11-19,SKU028,WH1,77.0,217.0
